allen_structure_id,acronym,name,total_density_cells_per_mm3,neuron_density,astrocyte_density,oligodendrocyte_density,microglia_density,glia_density,region_volume_mm3,murakami_total_density,murakami_total_count_mean,murakami_total_count_sd,murakami_is_leaf_region,rodarie_neuron_density,rodarie_region_volume_mm3,ero_region_volume_mm3,ero_total_count,rodarie_gad67_density,rodarie_pv_density,rodarie_sst_density,rodarie_vip_density
1,TMv,"Tuberomammillary nucleus, ventral part",206639.736966,144834.194457,32766.557069,28046.970409,992.015031,61805.542508,0.033266,147399.405041,4903.333333,483.028295,True,180887.666345,0.033266,0.033266,6874,20177.623047,310.329529,7799.362793,11.990561
2,SSp-m6b,"Primary somatosensory area, mouth, layer 6b",138476.96793,60706.705539,7519.533528,62451.311953,7799.41691,77770.262391,0.107188,115688.241011,12400.333333,1114.733301,True,36518.235166,0.107188,0.107188,14843,8933.304688,3095.95166,4939.028809,848.504822
4,IC,Inferior colliculus,140455.637457,48912.083877,10219.324623,48243.966045,33080.262913,91543.55358,5.871719,,,,,28802.073395,5.871719,5.871719,824716,28802.072266,6087.602051,21612.414062,1102.048218
6,int,internal capsule,97803.72042,0.0,10521.642719,81500.352779,5781.724922,97803.72042,2.790344,,,,,,,2.790344,272906,,,,
7,PSV,Principal sensory nucleus of the trigeminal,108057.567086,43329.379398,10837.874829,43215.240623,10675.072235,64728.187688,1.130203,118680.436315,134133.0,2944.729359,True,15758.556508,1.130203,1.130203,122127,7357.799316,736.049316,6551.181641,70.568352
8,grey,Basic cell groups and regions,243077.409164,167290.122862,12058.873983,38918.967718,24809.444601,75787.286302,428.955391,,4003067.0,108186.496491,False,167290.12355,428.955391,428.955391,104269365,33911.261719,5973.536133,5358.55127,1049.19812
9,SSp-tr6a,"Primary somatosensory area, trunk, layer 6a",200109.610239,93060.898159,10375.060447,69179.79303,27493.858603,107048.71208,0.969344,127485.218737,123577.0,977.006141,True,95764.346595,0.969344,0.969344,193975,14638.299805,3542.876221,4989.247559,822.380981
10,SCig,"Superior colliculus, motor related, intermediate gray layer",154295.313469,63312.103055,9674.538938,49394.335199,31914.336277,90983.210413,3.478719,,205040.333333,18198.270751,False,46030.680894,3.478719,3.478719,536750,32424.625,2469.665283,11992.977539,33.851963
12,IF,Interfascicular nucleus raphe,155071.583514,87184.381779,8829.501085,58169.197397,888.503254,67887.201735,0.036016,122613.449024,4416.0,360.936282,True,80902.659151,0.036016,0.036016,5585,8423.145508,304.87439,916.367676,27.96492
14,im,internal medullary lamina of the thalamus,99638.051044,0.0,8686.774942,55981.438515,34969.837587,99638.051044,0.013469,,,,,,,0.013469,1342,,,,
15,PT,Parataenial nucleus,142179.431072,66198.68709,7520.350109,42314.223195,26146.170678,75980.743983,0.142813,106335.229759,15186.0,186.652083,True,47742.046286,0.142813,0.142813,20305,1617.358154,160.239212,1453.987061,3.131984
17,SCiw,"Superior colliculus, motor related, intermediate white layer",132331.506573,48220.018156,8496.251219,45213.999933,30401.237266,84111.488417,0.929469,122826.435352,114163.333333,6288.56751,True,22740.689092,0.929469,0.929469,122998,22740.689453,2631.811768,9677.529297,63.635273
19,IG,Induseum griseum,166378.648874,97227.689741,7953.294412,39552.960801,21644.70392,69150.959133,0.037469,276176.814012,10348.0,952.122366,True,104898.908997,0.037469,0.037469,6234,25623.501953,649.507507,2776.771484,4098.190918
20,ENTl2,"Entorhinal area, lateral part, layer 2",214716.242661,140477.495108,172.21135,50348.336595,23718.199609,74238.747554,0.063875,102116.112198,6522.666667,859.855996,True,165787.953916,0.063875,0.063875,13715,11790.256836,635.58551,4298.770508,2739.228271
21,lotg,"lateral olfactory tract, general",126210.117607,0.0,18795.565809,70505.880367,36908.671431,126210.117607,1.110688,,,,,,,1.110688,140180,,,,
22,PTLp,Posterior parietal association areas,180174.805391,89948.795445,10683.441986,43267.672952,36274.895008,90226.009946,3.556812,,,,,87115.887674,3.556812,3.556813,640848,18381.148438,4413.79541,5173.433594,2550.331299
23,AAA,Anterior amygdalar area,112832.8812,55653.170907,10528.535599,46642.985105,8.189589,57179.710293,0.610531,103674.190852,63296.333333,5455.103146,True,30023.893078,0.610531,0.610531,68888,30023.890625,288.169495,13675.023438,165.137024
26,SCdg,"Superior colliculus, motor related, deep gray layer",129127.740086,50175.218169,7927.185539,45470.085928,25555.25045,78952.521917,2.332984,100840.223873,235258.666667,10015.452278,True,25872.536475,2.332984,2.332984,301253,25872.535156,1326.922852,7029.620605,53.178051
27,IGL,Intergeniculate leaflet of the lateral geniculate complex,156873.50372,70325.461016,11450.016176,54879.327079,20218.69945,86548.042705,0.096594,162060.174701,15654.0,472.386494,True,59267.976267,0.096594,0.096594,15153,14265.073242,1075.512939,4972.373535,7.69738
28,ENTl6a,"Entorhinal area, lateral part, layer 6a",173894.063411,100087.147024,7001.008024,42873.109955,23932.798409,73806.916388,1.162547,98293.384227,114270.666667,6704.085421,True,97135.00863,1.162547,1.162547,202160,15862.951172,1207.890381,9384.870117,1085.633911
30,PVa,"Periventricular hypothalamic nucleus, anterior part",199409.761635,141475.595914,28149.829739,13802.497162,15981.83882,57934.165721,0.027531,115650.397276,3184.0,179.451943,True,163854.73653,0.027531,0.027531,5490,0.0,0.0,0.0,0.0
31,ACA,Anterior cingulate area,151671.684034,75980.696448,9435.930577,32432.074055,33822.982955,75690.987587,5.222484,,,,,64599.942779,5.222484,5.222484,792103,17302.423828,3551.541016,4132.663574,2599.543945
33,VISp6a,"Primary visual area, layer 6a",200755.583413,99386.53383,10512.18949,55030.119091,35826.741002,101369.049583,0.947281,197190.996162,186795.333333,6582.97686,True,102263.402751,0.947281,0.947281,190172,18999.998047,7130.758301,4815.010254,1179.278564
35,III,Oculomotor nucleus,171631.265335,89774.973712,20750.087627,43048.019628,18058.184367,81856.291623,0.044578,168004.673443,7489.333333,240.429477,True,90850.125371,0.044578,0.044578,7651,14021.625977,5495.629395,3794.841309,129.966507
36,GU1,"Gustatory areas, layer 1",57444.110777,33409.409409,4441.775108,6224.891558,13368.034701,24034.701368,0.374625,78245.356468,29312.666667,2166.584716,True,6713.387942,0.374625,0.374625,21520,6713.388184,46.986961,532.519226,1607.276978
38,PVH,Paraventricular hypothalamic nucleus,181181.64546,109889.573378,12277.505901,40826.76032,18187.805861,71292.072082,0.271391,,,,,122246.876283,0.271391,0.271391,49171,30616.794922,294.580383,11281.269531,82.989067
39,ACAd,"Anterior cingulate area, dorsal part",145192.068372,66059.018983,8218.384904,31388.576425,39526.08806,79133.049389,2.769766,,,,,49497.95062,2.769766,2.769766,402148,14561.253906,3695.195068,4371.449219,2432.458252
41,VISpm2/3,"posteromedial visual area, layer 2/3",213236.943868,160303.49656,13616.965848,6567.50926,32748.972198,52933.447307,0.383859,98546.505475,37828.0,5794.490746,True,185596.044369,0.383859,0.383859,81853,11064.523438,2073.031006,2736.843994,6254.650391
42,SCdw,"Superior colliculus, motor related, deep white layer",124302.752294,49302.752294,7844.036697,43623.853211,23532.110092,75000.0,0.109,104119.266055,11349.0,441.031745,True,27772.614481,0.109,0.109,13549,20422.630859,459.336578,3986.788818,11.523176
44,ILA,Infralimbic area,159344.287432,91201.477584,8874.980398,43344.496524,15923.332927,68142.809848,1.793469,,,,,81514.475711,1.793469,1.793469,285779,21912.046875,4142.034668,5648.622559,1613.179199
45,SPVOrdm,"Spinal nucleus of the trigeminal, oral part, rostral dorsomedial part",109015.052456,44431.199635,11044.549187,41297.856165,12241.447469,64583.85282,0.102766,170436.369165,17515.0,1008.430464,True,20328.57951,0.102766,0.102766,11203,17813.984375,2765.862061,3891.967529,26.531048
46,mfbsma,mammillary related,108307.114346,0.0,10800.657431,91506.926509,5999.530406,108307.114346,0.266188,,,,,,,0.266188,28830,,,,
48,ACAv,"Anterior cingulate area, ventral part",158988.877139,87184.884121,10810.860397,33610.457783,27382.674838,71803.993018,2.452719,,,,,81654.070469,2.452719,2.452719,389955,20397.933594,3389.318115,3863.013184,2788.227783
50,PRC,Precommissural nucleus,189073.249696,104676.64913,10386.078511,52707.405908,21303.116147,84396.600567,0.077219,156598.408202,12092.333333,1189.076252,True,115147.6027,0.077219,0.077219,14600,27383.5625,231.996201,12363.170898,24.34971
51,ILM,Intralaminar nuclei of the dorsal thalamus,169359.920472,94435.023293,9905.073777,34091.417656,30928.405746,74924.897179,1.603219,,,,,93005.01652,1.603219,1.603219,271521,466.973083,169.944916,291.875732,5.152531
52,ENTl3,"Entorhinal area, lateral part, layer 3",148466.582217,92160.981789,5727.84641,27216.381745,23361.372273,56305.600428,1.344484,66661.987054,89626.0,5165.648459,True,75593.203903,1.344484,1.344484,199611,15666.205078,1757.179199,6597.158691,1736.914917
53,SPVOmdmd,"Spinal nucleus of the trigeminal, oral part, middle dorsomedial part, dorsal zone",121257.210124,50853.443202,9756.327251,39684.520306,20962.919364,70403.766922,0.053094,147230.135374,7817.0,880.027272,True,25626.933719,0.053094,0.053094,6438,13346.207031,4705.017578,8638.330078,2.861343
55,PVHap,"Paraventricular hypothalamic nucleus, parvicellular division, anterior parvicellular part",130338.939198,51053.040104,4450.194049,64476.06727,10359.637775,79285.899094,0.096625,103072.013799,9959.333333,255.656671,True,29861.784022,0.096625,0.096625,12594,29861.785156,290.889404,9191.977539,19.885969
56,ACB,Nucleus accumbens,126450.199461,67429.433962,10731.102041,39522.96958,8766.693878,59020.765499,5.072266,146166.898216,741397.333333,8902.914373,True,44290.659707,5.072266,5.072266,641389,44290.65625,459.425415,5513.504883,43.366653
59,IMD,Intermediodorsal nucleus of the thalamus,163161.361142,96289.791438,7279.912184,22265.642152,37326.015368,66871.569704,0.22775,100184.412733,22817.0,1050.651703,True,87856.782708,0.22775,0.22775,37160,0.0,0.0,0.0,0.0
60,ENTl6b,"Entorhinal area, lateral part, layer 6b",175770.793244,106735.086594,1566.816335,53613.855035,13855.035279,69035.70665,0.146156,134885.325351,19714.333333,343.895818,True,108922.523787,0.146156,0.146156,25690,14098.62207,1207.891479,9384.845703,1085.635254
61,SPVOmdmv,"Spinal nucleus of the trigeminal, oral part, middle dorsomedial part, ventral zone",104949.286066,41106.843919,8775.972427,37514.524865,17551.944855,63842.442147,0.063469,145877.564418,9258.666667,830.833517,True,15873.145403,0.063469,0.063469,6661,15873.145508,4027.811035,7032.375977,2.364433
62,mlf,medial longitudinal fascicle,77319.997802,0.0,11671.374402,60068.80255,5579.82085,77319.997802,1.137313,,,,,,,1.137313,87937,,,,
63,PVHd,"Paraventricular hypothalamic nucleus, descending division",181082.795068,115241.338814,14449.79448,38896.065766,12495.596007,65841.456254,0.053219,,,,,122727.455161,0.053219,0.053219,9637,51306.722656,23.882811,14918.12793,30.106546
64,AD,Anterodorsal nucleus,226411.119239,127660.570593,14156.547184,46080.468178,38513.533285,98750.548647,0.170875,140917.824921,24079.333333,1619.912446,True,156903.514733,0.170875,0.170875,38688,2121.360596,1238.898926,877.762268,4.699947
66,LT,Lateral terminal nucleus of the accessory optic tract,140244.37299,62868.167203,10289.389068,57517.684887,9569.131833,77376.205788,0.009719,221084.673098,2148.666667,153.60447,True,44297.997311,0.009719,0.009719,1363,12998.405273,315.148621,12683.255859,0.0
67,INC,Interstitial nucleus of Cajal,142532.844281,67563.854618,9539.179727,44857.619206,20572.19073,74968.989663,0.046859,127580.304546,5978.333333,704.632055,True,53091.526793,0.046859,0.046859,6679,53091.527344,9017.414062,8223.477539,107.255234
68,FRP1,"Frontal pole, layer 1",59618.090452,34669.346734,781.909548,9465.326633,14701.507538,24948.743719,0.4975,87896.147404,43728.333333,13292.831088,True,15976.561761,0.4975,0.4975,29660,15976.561523,278.712494,967.083984,1712.597168
69,SPVOvl,"Spinal nucleus of the trigeminal, oral part, ventrolateral part",97776.451486,36096.370738,11431.079124,44800.280862,5448.720762,61680.080748,0.356047,166008.104036,59106.666667,1125.60443,True,11975.288032,0.356047,0.356047,34813,10402.685547,2645.959473,4160.772461,5.156394
71,PVHm,"Paraventricular hypothalamic nucleus, magnocellular division",277413.353338,198169.542386,17668.417104,37881.470368,23693.923481,79243.810953,0.041656,,,,,271718.283799,0.041656,0.041656,11556,29246.662109,0.0,10087.642578,328.140991
72,ADP,Anterodorsal preoptic nucleus,136639.118457,67677.292405,4709.95671,61808.736718,2443.132625,68961.826053,0.039703,130636.232454,5186.666667,205.208025,True,46965.857179,0.039703,0.039703,5425,46965.855469,349.827606,1584.098633,4.746843
74,VISl6a,"Lateral visual area, layer 6a",190450.677189,88454.729658,9978.457929,65515.196758,26502.292844,101995.947531,0.146516,149215.029683,21862.333333,1282.898801,True,83644.552542,0.146516,0.146516,27904,16181.868164,2945.835205,4942.842285,962.016541
77,SPVOcdm,"Spinal nucleus of the trigeminal, oral part, caudal dorsomedial part",131066.614725,58215.816128,8676.275808,39516.945851,24657.576938,72850.798598,0.040109,189357.226334,7595.0,442.054295,True,35038.679255,0.040109,0.040109,5257,21974.294922,6045.567383,15920.481445,7.932189
78,mcp,middle cerebellar peduncle,115566.021867,0.0,27878.266829,67668.193004,20019.562035,115566.021867,2.006438,,,,,,,2.006438,231876,,,,
79,PVHmm,"Paraventricular hypothalamic nucleus, magnocellular division, medial magnocellular part",310951.724138,225544.827586,18096.551724,33434.482759,33875.862069,85406.896552,0.009062,237609.195402,2153.333333,89.00749,True,322827.085138,0.009062,0.009062,2818,84607.960938,0.0,4040.588379,240.002396
82,NLLd,"Nucleus of the lateral lemniscus, dorsal part",100210.404957,35361.867704,7290.964116,47518.08618,10039.486958,64848.537253,0.216844,118613.825239,25720.666667,176.029354,True,10126.182171,0.216844,0.216844,21730,10126.181641,3930.866211,2299.165039,6.888397
83,IO,Inferior olivary complex,102102.060632,43836.444061,15292.264538,42120.617111,852.734923,58265.616571,0.579313,199275.290395,115442.666667,16024.123075,True,20410.600322,0.579313,0.579313,59149,0.0,0.0,0.0,0.0
84,PL6a,"Prelimbic area, layer 6a",167693.947649,76856.093806,5988.392751,67342.887599,17506.573493,90837.853843,0.263844,190827.58893,50348.666667,5410.798955,True,64122.207768,0.263844,0.263844,44245,15499.979492,4166.402344,6539.306152,926.999695
87,PVHmpd,"Paraventricular hypothalamic nucleus, parvicellular division, medial parvicellular part, dorsal zone",213483.833039,145558.29904,17069.174995,25898.491084,24957.867921,67925.534,0.079734,166950.160037,13311.666667,474.192296,True,178783.716646,0.079734,0.079734,17022,41092.835938,490.619446,12116.073242,76.363533
88,AHN,Anterior hypothalamic nucleus,147227.599425,86746.832774,10774.815525,48124.810733,1581.140393,60480.766651,0.815234,,,,,75634.952771,0.815234,0.815234,120025,50693.6875,384.420685,7555.701172,27.31041
90,NLLh,"Nucleus of the lateral lemniscus, horizontal part",99676.148796,33715.536105,8927.789934,49803.063457,7229.7593,65960.612692,0.057125,117560.904449,6715.666667,140.357876,True,10011.093052,0.057125,0.057125,5694,10011.09375,4863.755859,5147.337402,0.0
91,IP,Interposed nucleus,311706.24884,188416.447944,14953.524749,67780.375938,40555.900209,123289.800896,0.589359,136595.774013,80504.0,8342.786045,True,108859.354421,0.589359,0.589359,183707,26650.503906,10635.450195,500.969482,2.820871
92,ENTl4,"Entorhinal area, lateral part, layer 4",127106.195185,75315.568963,4585.218703,29046.86889,18158.538629,51790.626222,0.559406,65405.65704,36588.333333,1577.500026,True,48437.509561,0.559406,0.559406,71104,12261.621094,1734.350586,7908.219727,1230.31604
93,moV,motor root of the trigeminal nerve,84703.994652,0.0,10220.959385,61983.620257,12499.415009,84703.994652,0.186969,,,,,,,0.186969,15837,,,,
94,PVHp,"Paraventricular hypothalamic nucleus, parvicellular division",163732.571584,93882.336938,11300.006801,41360.810719,17189.417126,69850.234646,0.229734,,,,,95144.191632,0.229734,0.229734,37615,30865.232422,347.99472,11497.702148,38.537258
95,AI,Agranular insular area,122018.443727,71798.464192,12197.519373,25981.416017,12041.044146,50219.979535,4.901734,,,,,49444.27154,4.901734,4.901734,598102,12713.817383,2018.196411,4618.397949,1651.737671
96,DCO,Dorsal cochlear nucleus,162048.914065,75322.720073,16159.359983,48223.791243,22343.042766,86726.193992,0.582016,214113.953842,124617.666667,6638.379496,True,72998.763926,0.582016,0.582016,94315,22710.054688,17226.498047,1336.261475,11.941781
97,TEa1,"Temporal association areas, layer 1",83284.662821,50993.435449,1279.49075,5515.814601,25495.922021,32291.227372,0.628375,123001.392481,77291.0,2747.541992,True,24509.873675,0.628375,0.628375,52334,24509.873047,30.928995,405.302399,1465.815796
99,NLLv,"Nucleus of the lateral lemniscus, ventral part",111950.546739,41160.073764,11938.598997,54960.442586,3891.431391,70790.472975,0.601578,138028.622633,83035.0,1979.662345,True,18460.222594,0.601578,0.601578,67347,16496.275391,7490.462891,5385.290527,10.172171
100,IPN,Interpeduncular nucleus,142319.799293,80993.702319,13202.396191,43464.03154,4659.669244,61326.096974,0.305172,,40911.666667,1089.738654,False,71901.873349,0.305172,0.305172,43432,51147.316406,1191.841187,5969.453125,34.587002
101,VCO,Ventral cochlear nucleus,135027.149551,50221.763621,15672.784478,54238.205592,14894.395859,84805.38593,0.923703,137562.957074,127067.333333,3699.266188,True,34310.06681,0.923703,0.923703,124725,13296.021484,3425.474609,9860.558594,9.973148
103,PVHpm,"Paraventricular hypothalamic nucleus, magnocellular division, posterior magnocellular part",268088.207095,190558.005753,17549.376798,39117.929051,20862.895494,77530.201342,0.032594,,,,,257507.782948,0.032594,0.032594,8738,13853.78125,0.0,11768.991211,352.64743
104,AId,"Agranular insular area, dorsal part",122609.308705,70218.450771,15852.537398,26322.177073,10216.143463,52390.857934,2.437906,,,,,46813.819298,2.437906,2.437906,298910,12420.038086,2546.587891,4378.973145,1817.267212
105,SOCm,"Superior olivary complex, medial part",86435.998784,31640.012162,12492.550927,42303.435695,0.0,54795.986622,0.051391,52778.757474,2712.333333,220.636201,True,7125.203475,0.051391,0.051391,4442,4112.819824,647.060486,2624.075195,841.684021
106,ISN,Inferior salivatory nucleus,110407.668452,48987.877079,11890.611785,48518.748238,1010.43135,61419.791373,0.055422,170462.174608,9447.333333,866.055618,True,25913.459503,0.055422,0.055422,6119,14311.139648,1158.745972,5604.445312,175.761627
110,PVHpv,"Paraventricular hypothalamic nucleus, parvicellular division, periventricular part",149864.168618,94220.140515,15081.967213,22613.583138,17948.477752,55644.028103,0.053375,89280.249805,4765.333333,237.188392,True,88380.114498,0.053375,0.053375,7999,17403.248047,238.312531,14748.007812,15.794909
111,AIp,"Agranular insular area, posterior part",121354.279037,76680.34983,2665.690984,23930.789477,18077.448747,44673.929208,1.323859,,,,,57935.630149,1.323859,1.323859,160656,13336.842773,747.595459,4633.228027,1601.148315
112,CNlam,Granular lamina of the cochlear nuclei,188465.840708,78544.424779,14499.115044,63343.00885,32079.292035,109921.415929,0.044141,269721.297935,11905.666667,550.009394,True,87106.254079,0.044141,0.044141,8319,22733.03125,14501.233398,1451.938965,14.083263
113,SSp-ll2/3,"Primary somatosensory area, lower limb, layer 2/3",163749.134644,85499.794661,14563.488804,27035.572504,36650.278674,78249.339982,0.798984,144589.394088,115524.666667,4549.769481,True,70361.692538,0.798984,0.798984,130833,17085.230469,3868.948975,3446.270264,4762.660156
114,SOCl,"Superior olivary complex, lateral part",88049.854591,34632.322393,9718.321562,43699.210636,0.0,53417.532198,0.075219,34091.677053,2564.333333,158.17817,True,6843.23649,0.075219,0.075219,6623,1426.610718,0.0,1013.660339,412.950409
115,IV,Trochlear nucleus,142490.566038,63535.558781,19785.195936,49788.098694,9381.712627,78955.007257,0.010766,118525.399129,1276.0,25.514702,True,57346.527759,0.010766,0.010766,1534,49134.960938,2582.818848,3843.698486,1377.67688
117,och,optic chiasm,62381.779087,0.0,17507.366409,42685.354782,2189.057896,62381.779087,0.392406,,,,,,,0.392406,24479,,,,
118,PVi,"Periventricular hypothalamic nucleus, intermediate part",182365.34296,128664.259928,18425.99278,17143.682311,18131.407942,53701.083032,0.173125,109379.54272,18936.333333,706.451933,True,141151.120577,0.173125,0.173125,31572,12414.099609,0.0,5095.899414,9.960169
119,AIv,"Agranular insular area, ventral part",121526.138326,69508.045725,15450.423531,27634.090847,8933.578223,52018.092601,1.139969,,,,,45208.568818,1.139969,1.139969,138536,12618.563477,2363.75708,5113.202637,1356.49231
120,AIp1,"Agranular insular area, posterior part, layer 1",58383.50272,36033.568085,2213.132037,9797.157677,10339.644921,22349.934635,0.370516,61392.822502,22747.0,2315.472306,True,10069.022466,0.370516,0.370516,21632,10069.022461,49.927334,414.098846,1141.608398
121,VISl6b,"Lateral visual area, layer 6b",157517.819706,56271.698113,7433.12369,78141.719078,15671.278826,101246.121593,0.037266,95011.60028,3540.666667,655.299423,True,43174.377044,0.037266,0.037266,5870,8850.611328,2945.844238,4942.70752,962.060791
122,POR,"Superior olivary complex, periolivary region",90364.398183,33601.90535,12146.253253,44616.23958,0.0,56762.492833,0.708531,97448.536438,69045.333333,2629.684835,True,8828.226997,0.708531,0.708531,64026,8828.227539,6001.181152,2727.645508,99.384323
123,KF,Koelliker-Fuse subnucleus,119376.419898,48238.151195,10234.234234,47630.238935,13273.795535,71138.268703,0.159562,99482.438961,15873.666667,413.32957,True,25009.104271,0.159562,0.159563,19048,18031.322266,2042.263184,3373.808105,556.892456
125,opt,optic tract,98535.203595,0.0,28961.459894,64854.146807,4719.596895,98535.203595,0.917875,,,,,,,0.917875,90443,,,,
126,PVp,"Periventricular hypothalamic nucleus, posterior part",273496.736766,192038.675369,17666.908388,37329.465797,26461.687213,81458.061397,0.129281,259439.52945,33540.666667,2782.966104,True,267013.946772,0.129281,0.129281,35358,18665.25,149.771042,18480.494141,34.984383
127,AM,Anteromedial nucleus,147127.914636,78769.068634,10165.722566,44941.641418,13251.482018,68358.846002,0.474438,,,,,65018.971511,0.474438,0.474437,69803,780.709106,246.583954,531.693726,2.431386
128,MRN,Midbrain reticular nucleus,107803.351599,45692.268315,5970.766398,51037.564435,5102.75245,62111.083284,5.677328,,564059.0,16162.093088,False,19431.508516,5.677328,5.677328,612035,19431.501953,837.549255,4360.007812,6.263529
130,CSm,"Superior central nucleus raphe, medial part",126751.154704,60602.210805,10711.505527,43998.546889,11438.891484,66148.943899,0.301078,97646.859377,29399.333333,3706.363492,True,40751.030495,0.301078,0.301078,38162,28844.125,355.173889,7004.107422,55.05946
131,LA,Lateral amygdalar nucleus,163288.269668,101419.479956,8650.590727,26724.233841,26493.965143,61868.789711,0.612328,132788.826797,81310.333333,3570.653208,True,98839.166722,0.612328,0.612328,99986,24267.208984,738.885986,13344.401367,1587.885254
132,PL6b,"Prelimbic area, layer 6b",170014.863749,82391.412056,5971.92403,73988.439306,7663.088357,87623.451693,0.018922,160237.819983,3032.0,359.734624,True,77639.908165,0.018922,0.018922,3217,15499.491211,4166.226074,6539.283203,927.008362
133,PVpo,"Periventricular hypothalamic nucleus, preoptic part",156292.40104,84636.810171,10078.012135,41846.865068,19730.713667,71655.59087,0.108156,126733.314071,13707.0,580.019827,True,75825.480581,0.108156,0.108156,16904,31700.132812,2813.564941,9773.179688,76.963356
135,AMB,Nucleus ambiguus,115080.724531,51965.239242,9950.790493,49144.173385,4020.521411,63115.48529,0.149234,,4093.0,235.959742,False,30067.36539,0.149234,0.149234,17174,9408.839844,2267.83667,5425.086426,56.52906
136,IRN,Intermediate reticular nucleus,97931.433918,40110.668063,7130.872558,46238.577889,4451.315408,57820.765855,2.805687,122943.722944,344941.666667,10109.148794,True,14551.59331,2.805687,2.805688,274765,14551.59668,1627.552368,6819.341797,88.439362
137,CSl,"Superior central nucleus raphe, lateral part",102003.988573,40249.663127,6754.271546,39977.146553,15022.907347,61754.325446,0.289891,103375.770316,29967.666667,1480.126459,True,12880.807951,0.289891,0.289891,29570,12880.807617,259.872009,5662.471191,20.446739
138,LAT,Lateral group of the dorsal thalamus,133991.874621,63452.770364,8291.844656,39073.17719,23174.082411,70539.104257,2.242203,,,,,41668.967612,2.242203,2.242203,300437,2832.413574,115.764618,473.277191,0.687179
139,ENTl5,"Entorhinal area, lateral part, layer 5",138908.872123,80751.067952,5205.299448,32111.283588,20841.221135,58157.804171,1.298484,79235.198088,102885.666667,4275.979459,True,59445.302528,1.298484,1.298484,180371,14130.401367,1839.479248,9805.661133,1179.289429
141,PVR,Periventricular region,160349.517659,91365.276781,10433.22969,49372.558399,9178.452789,68984.240878,2.351812,,,,,91501.724941,2.351812,2.351813,377112,32616.4375,256.355072,6527.96875,57.189342
143,AMBv,"Nucleus ambiguus, ventral division",105573.923166,45088.086923,10169.965076,48180.054327,2135.816841,60485.836244,0.080531,119121.459061,9593.0,257.046688,True,19679.464333,0.080531,0.080531,8502,5548.857422,2664.057129,2860.706543,24.093946
146,PRNr,Pontine reticular nucleus,88615.637928,35189.659785,7312.244016,44804.083397,1309.65073,53425.978142,3.036688,79192.760752,240483.666667,4395.729784,True,9294.347094,3.036688,3.036688,269098,9294.347656,432.386108,2852.141602,103.802383
147,LC,Locus ceruleus,238391.116595,141463.294263,22405.92227,66921.6533,7600.246761,96927.822332,0.050656,167560.76496,8488.0,192.19001,True,184122.24255,0.050656,0.050656,12076,47652.777344,3751.891846,9618.121094,121.759361
148,GU4,"Gustatory areas, layer 4",121553.324173,63898.530811,8435.471937,26496.987633,22722.333791,57654.793362,0.147828,97151.111581,14361.666667,1262.8873,True,30516.746932,0.147828,0.147828,17969,14039.347656,3488.735107,6425.630371,1685.022705
149,PVT,Paraventricular nucleus of the thalamus,185677.623762,110471.287129,8106.138614,29823.366337,37276.831683,75206.336634,0.63125,123202.112211,77771.333333,4830.82129,True,120593.223089,0.63125,0.63125,117209,0.0,0.0,0.0,0.0
151,AOB,Accessory olfactory bulb,277418.112453,204263.420837,17409.755655,30936.143156,24808.792806,73154.691616,0.688063,,47333.666667,10202.140576,False,275569.076607,0.688063,0.688063,190881,65848.242188,144.780029,2545.181641,1614.588257
154,PHY,Perihypoglossal nuclei,156650.447663,64939.014672,11238.175596,43788.684198,36684.573197,91711.432991,0.333328,,,,,50556.97109,0.333328,0.333328,52216,37018.542969,4863.314453,6731.288574,25.762609
155,LD,Lateral dorsal nucleus of thalamus,144071.143423,70077.829347,12445.425335,41744.052449,19803.836292,73993.314076,0.962844,107638.440817,103639.0,3979.55789,True,53210.923742,0.962844,0.962844,138718,3037.205078,457.635254,605.412476,1.457539
156,AUDd6a,"Dorsal auditory area, layer 6a",211660.475994,111392.48865,5258.494979,73449.442839,21560.049525,100267.987344,0.454313,144140.872197,65485.0,1464.541908,True,127680.459129,0.454313,0.454312,96160,15150.269531,2931.699707,4914.268066,670.881226
157,PVZ,Periventricular zone,205955.146912,133838.41695,16882.030782,34855.246852,20379.452329,72116.729962,0.781719,,,,,162353.569313,0.781719,0.781719,160999,24456.525391,199.004059,11716.082031,39.548283
158,pc,posterior commissure,136723.566879,0.0,36341.401274,92473.88535,7908.280255,136723.566879,0.049062,,,,,,,0.049062,6708,,,,
159,AON,Anterior olfactory nucleus,130614.690217,67221.920671,9175.33344,51553.981684,2663.454421,63392.769546,4.306438,,89885.0,3690.268689,False,58677.344918,4.306438,4.306437,562484,23119.207031,584.026794,4291.990723,941.422668
160,AON1,"Anterior olfactory nucleus, layer 1",80028.740251,39778.019381,8921.578823,29161.522099,2167.619948,40250.72087,1.322188,90697.423777,119919.0,7178.627236,True,23800.933175,1.322188,1.322188,105813,11744.019531,572.959656,1850.525024,942.856323
162,LDT,Laterodorsal tegmental nucleus,170603.257639,80374.747355,10957.080014,50242.777315,29028.652955,90228.510284,0.131422,208674.037966,27424.333333,1267.384051,True,77541.905511,0.131422,0.131422,22421,49853.226562,290.145416,9834.892578,14.08637
163,AIp2/3,"Agranular insular area, posterior part, layer 2/3",152943.330282,103480.069901,3009.070483,27001.747524,19452.442373,49463.260381,0.375531,107759.340934,40467.0,2243.698063,True,92766.995653,0.375531,0.375531,57435,14202.521484,933.576111,4137.726074,3149.147705
165,RAmb,Midbrain raphe nuclei,142854.397671,75834.138056,11408.661895,50538.493267,5073.104452,67020.259614,0.643984,,,,,67048.267594,0.643984,0.643984,91996,36599.144531,823.35791,5803.958984,563.837585
167,AONd,"Anterior olfactory nucleus, dorsal part",165256.502286,89620.13865,4704.262746,70135.994887,796.106003,75636.363636,0.317797,175094.022977,55644.333333,5670.640293,True,85844.176933,0.317797,0.317797,52518,12962.926758,393.371277,4906.675781,650.382996
169,PRP,Nucleus prepositus,157633.084639,65884.678097,11418.745985,43189.485646,37140.17491,91748.406542,0.316234,152327.947692,48171.333333,4584.886076,True,51707.915574,0.316234,0.316234,49849,38715.203125,4952.141113,6965.359863,26.646849
170,LGd,Dorsal part of the lateral geniculate complex,151705.403734,67228.885866,11183.97428,56589.39038,16703.153209,84476.517868,0.631797,,97780.0,1405.680974,False,51770.273146,0.631797,0.631797,95847,5404.774902,129.622803,590.380249,2.464352
171,PL1,"Prelimbic area, layer 1",83403.665753,45677.00967,5463.414634,5525.761293,26737.480156,37726.656083,0.433063,80855.919565,35015.666667,2980.006935,True,21701.919309,0.433063,0.433063,36119,21701.917969,109.595909,843.497314,2310.201416
173,RCH,Retrochiasmatic area,101879.129734,48339.511147,10318.560301,40526.457158,2694.601128,53539.618587,0.232687,169324.37998,39399.666667,1094.863614,True,20826.028221,0.232687,0.232688,23706,15456.68457,29.054661,4899.521973,404.287842
175,AONe,"Anterior olfactory nucleus, external part",189192.797541,99464.20729,13832.235398,72811.594203,3084.76065,89728.59025,0.284625,179690.23569,51144.333333,5670.723793,True,116509.817867,0.284625,0.284625,53849,38148.539062,2118.202393,2612.112061,1020.624817
177,NR,Nucleus of Roller,138471.66362,47444.241316,7897.6234,54873.857404,28255.941499,91027.422304,0.017094,165674.588665,2832.0,340.141147,True,29264.498134,0.017094,0.017094,2367,5630.375,3220.016846,2400.953369,9.404194
178,LGv,Ventral part of the lateral geniculate complex,163521.069841,75250.9644,14665.050149,58721.334362,14883.72093,88270.105441,0.425297,,72496.0,2948.958969,False,65596.380542,0.425297,0.425297,69545,57521.277344,3208.079346,8273.522461,16.940742
180,GU2/3,"Gustatory areas, layer 2/3",130514.096968,77183.909402,8665.329716,17606.228619,27058.629232,53330.187566,0.529813,115644.056467,61269.666667,5676.228178,True,47692.314132,0.529813,0.529813,69148,15321.290039,1940.728516,4336.541016,4464.090332
181,RE,Nucleus of reuniens,155026.238698,92777.002677,8459.777867,33099.959957,20689.498198,62249.236022,0.741391,91269.025691,67666.0,543.48965,True,84103.216216,0.741391,0.741391,114935,15456.808594,171.124695,3313.065186,0.0
183,AONl,"Anterior olfactory nucleus, lateral part",172388.639761,100734.039557,10200.125647,56934.641797,4519.832759,71654.600204,0.721266,161205.057661,116271.666667,8177.050956,True,104179.355266,0.721266,0.721266,124338,21433.966797,406.414429,3867.481445,622.412354
184,FRP,"Frontal pole, cerebral cortex",75406.157163,46677.918868,736.966638,9903.620159,18087.651497,28728.238294,0.594328,,,,,30999.837873,0.594328,0.594328,44816,17159.919922,1144.452637,1249.254761,1941.571655
186,LH,Lateral habenula,189790.386131,97957.446808,10565.799842,47511.42632,33755.71316,91832.939322,0.31725,190865.248227,60552.0,11845.579809,True,107596.623927,0.31725,0.31725,60211,231.609833,220.512589,0.0,11.097236
187,GU5,"Gustatory areas, layer 5",141932.569769,78008.280905,11470.237135,36907.458192,15546.593537,63924.288864,0.581156,108605.904178,63117.0,1857.047118,True,53768.147092,0.581156,0.581156,82485,14286.84082,2726.70459,8486.983398,958.677551
188,AOBgl,"Accessory olfactory bulb, glomerular layer",173050.437867,108922.735839,25185.677863,21879.614234,17062.409932,64127.702029,0.140953,226243.062484,31889.666667,6657.196282,True,118510.546975,0.140953,0.140953,24392,75276.523438,469.600159,5251.916016,5258.043457
189,RH,Rhomboid nucleus,179260.769392,109559.170565,8628.35998,26841.304196,34231.934651,69701.598827,0.223797,95738.602248,21426.0,367.231535,True,116085.530945,0.223797,0.223797,40118,328.99588,25.970188,298.176788,4.848979
190,py,pyramid,63411.286262,0.0,16009.29548,47208.644796,193.345986,63411.286262,0.806844,,,,,,,0.806844,51163,,,,
191,AONm,"Anterior olfactory nucleus, medial part",148205.13486,72206.086561,10634.135791,65316.462267,48.450241,75999.048299,0.722391,149321.797562,107868.666667,3884.103543,True,61340.256051,0.722391,0.722391,107062,30845.654297,195.46225,6915.995117,1282.693115
192,COAa1,"Cortical amygdalar area, anterior part, layer 1",100275.525674,64101.245798,13735.679916,22324.698438,113.901523,36174.279876,0.237047,126091.797948,29889.666667,1552.290351,True,50334.690843,0.237047,0.237047,23770,0.0,0.0,0.0,0.0
194,LHA,Lateral hypothalamic area,129133.945625,67548.855036,9112.947893,52403.534221,68.608475,61585.090589,3.673016,110428.607284,405606.0,12636.347613,True,49242.25606,3.673016,3.673016,474311,28991.128906,393.571045,6116.625977,16.010452
195,PL2,"Prelimbic area, layer 2",203152.949365,135483.556638,12400.208805,15679.832956,39589.350966,67669.392727,0.179594,147367.786091,26466.333333,1591.952365,True,147729.259215,0.179594,0.179594,36485,14459.495117,1063.308472,3881.789795,5575.543457
196,AOBgr,"Accessory olfactory bulb, granular layer",472413.944954,375867.889908,12424.220183,52509.357798,31612.477064,96546.055046,0.170313,362218.470948,61690.333333,11078.262153,True,564809.836574,0.170313,0.170313,80458,74344.234375,13.185998,1191.706665,403.190857
197,RL,Rostral linear nucleus raphe,142192.69103,76491.694352,8664.451827,57036.544851,0.0,65700.996678,0.018812,243189.368771,4575.0,138.405202,True,68324.983104,0.018812,0.018812,2675,0.0,0.0,0.0,0.0
199,AONpv,"Anterior olfactory nucleus, posteroventral part",132027.330835,60996.782015,7195.591801,58413.92991,5421.02711,71030.548821,0.708906,94449.25428,66955.666667,1173.981402,True,43902.65272,0.708906,0.708906,93595,43902.640625,839.711365,8390.560547,1049.347534
200,COAa2,"Cortical amygdalar area, anterior part, layer 2",166660.412349,104768.844769,15195.374714,46682.229737,13.963129,61891.567579,0.286469,139393.912949,39932.0,1555.653882,True,111402.859629,0.286469,0.286469,47743,17419.019531,125.427185,16270.363281,1023.227112
201,SSp-bfd2/3,"Primary somatosensory area, barrel field, layer 2/3",176310.583924,84957.296816,8604.699403,23504.640964,59243.946741,91353.287108,2.967797,106610.395969,316398.0,22869.929799,True,70348.537207,2.967797,2.967797,523254,11220.119141,4502.871094,3050.181152,3667.055908
202,MV,Medial vestibular nucleus,145496.166277,64012.98192,12936.050521,43427.11869,25120.015146,81483.184357,1.155453,134706.17137,155646.666667,1449.190924,True,46560.870262,1.155453,1.155453,168114,34813.621094,6926.921875,9732.743164,19.911736
203,LIN,Linear nucleus of the medulla,128741.863576,58378.956754,7789.567543,62430.673206,142.666072,70362.906821,0.035047,88376.876207,3097.333333,104.332801,True,40240.673334,0.035047,0.035047,4512,12117.729492,3243.597412,8837.648438,36.483036
204,AOBmi,"Accessory olfactory bulb, mitral layer",235431.850789,156832.137733,21705.330538,31777.508001,25116.874517,78599.713056,0.141578,171806.202406,24324.0,2465.885034,True,195256.457875,0.141578,0.141578,33332,53242.097656,210.611526,1965.140015,833.092346
206,RM,Nucleus raphe magnus,103828.710176,46515.488191,11367.522625,45625.487455,320.211905,57313.221985,0.212359,76350.133667,16213.666667,913.073016,True,24654.504676,0.212359,0.212359,22049,12884.371094,1060.809326,1870.333618,4.691185
207,AP,Area postrema,244705.882353,165523.625844,28482.160077,14349.083896,36351.012536,79182.256509,0.032406,150588.235294,4880.0,3405.56706,True,203301.787917,0.032406,0.032406,7930,30709.683594,998.573975,29504.197266,206.914322
209,LAV,Lateral vestibular nucleus,110249.929584,43565.987544,11428.786029,39586.142146,15669.013864,66683.94204,0.499266,152401.840203,76089.0,3136.956487,True,23091.861309,0.499266,0.499266,55044,19176.119141,3130.477295,1515.962524,14.064105
210,LM,Lateral mammillary nucleus,192094.5906,118824.711794,34279.633461,38611.882944,378.3624,73269.878806,0.052859,117910.335994,6232.666667,888.910194,True,132035.437334,0.052859,0.052859,10154,27136.548828,4776.109375,1156.317749,10.232269
211,ACAd2/3,"Anterior cingulate area, dorsal part, layer 2/3",170381.837775,83901.006374,10258.515826,24107.979763,52114.335811,86480.8314,0.855484,135571.149385,115979.0,5688.929337,True,70914.759985,0.855484,0.855484,145759,13739.817383,4434.503418,4616.974609,4259.238281
212,MOBgl,"Main olfactory bulb, glomerular layer",243130.017364,206316.513686,7445.281921,4790.79699,24577.424766,36813.503677,4.778328,121084.191974,578580.0,229692.825197,True,255263.369015,4.778328,4.778328,1161755,121999.976562,1140.106812,12963.355469,6342.634766
214,RN,Red nucleus,145007.444795,73604.710831,12773.080967,58355.078864,274.574132,71402.733964,0.371484,98463.540133,36577.666667,2042.934735,True,64154.517346,0.371484,0.371484,53868,16014.787109,4453.911621,794.687195,3.739481
215,APN,Anterior pretectal nucleus,158494.739853,74931.443283,10247.97381,42482.916441,30832.406319,83563.296571,0.983219,136442.678702,134153.0,7596.931683,True,60616.989078,0.983219,0.983219,155835,32302.130859,5648.980469,2374.205322,2.68572
216,COApl1,"Cortical amygdalar area, posterior part, lateral zone, layer 1",86943.867872,57057.917643,15130.45419,8024.104453,6731.391586,29885.950229,0.280031,95588.141204,26767.666667,2206.146036,True,37900.663174,0.280031,0.280031,24347,8252.634766,63.227257,2424.315186,222.766006
217,SUV,Superior vestibular nucleus,115651.43619,44737.688361,10339.595201,42304.690341,18269.462287,70913.747828,0.386766,149830.619858,57949.333333,1836.715638,True,21079.693604,0.386766,0.386766,44730,16847.46875,5402.016113,860.770325,4.452663
218,LP,Lateral posterior nucleus of the thalamus,136277.490564,61932.344681,7269.99517,41595.821184,25479.329529,74345.145883,0.873453,114486.586406,99998.666667,5035.473794,True,40062.427526,0.873453,0.873453,119032,3766.335693,107.639305,453.3078,1.373329
220,MOBgr,"Main olfactory bulb, granule layer",472418.641428,413105.738589,6760.177309,27550.017971,25002.70756,59312.902839,5.216875,257685.93906,1344315.333333,289166.903399,True,599441.225032,5.216875,5.216875,2464549,127870.242188,456.929565,2787.269287,472.28479
222,RO,Nucleus raphe obscurus,122592.168537,54019.693153,17044.1951,49198.076483,2330.203801,68572.475384,0.068234,119240.973971,8136.333333,1329.316115,True,34563.249878,0.068234,0.068234,8365,0.0,0.0,0.0,0.0
223,ARH,Arcuate hypothalamic nucleus,252359.00671,164108.963698,19030.796582,41999.885301,27219.361129,88250.043012,0.272453,196853.434268,53633.333333,3326.962929,True,221760.518869,0.272453,0.272453,68756,29690.789062,273.203888,18786.726562,20.092974
224,COApl2,"Cortical amygdalar area, posterior part, lateral zone, layer 2",179323.962202,124624.136148,21879.930422,22424.521649,10395.373983,54699.826054,0.332359,125977.089308,41869.666667,1274.787172,True,137402.834746,0.332359,0.332359,59600,20047.392578,397.065857,9497.183594,2183.79834
225,SPIV,Spinal vestibular nucleus,125422.440742,50601.353607,11100.792133,41542.019485,22178.275517,74821.087135,0.514828,123128.471274,63390.0,3166.325315,True,27877.145388,0.514828,0.514828,64571,27877.146484,3803.302979,5923.325684,8.377695
226,LPO,Lateral preoptic area,102285.267508,47073.383224,8256.450352,44254.216464,2701.217469,55211.884285,1.119125,105757.02744,118355.333333,2285.577899,True,18254.191945,1.119125,1.119125,114470,18254.191406,276.338867,4106.473145,34.977577
228,MOBipl,"Main olfactory bulb, inner plexiform layer",403295.444635,355408.471176,5190.848571,16622.808803,26073.316085,47886.973458,1.074969,234344.176672,251912.666667,67110.179677,True,498595.033322,1.074969,1.074969,433530,79374.992188,189.539749,2232.665771,1713.011963
229,sV,sensory root of the trigeminal nerve,66261.054376,0.0,10815.367158,47851.587688,7594.09953,66261.054376,1.735031,,,,,,,1.735031,114965,,,,
230,RPA,Nucleus raphe pallidus,112548.351888,49302.772321,22632.612967,40026.195154,586.771447,63245.579568,0.071578,155494.43353,11130.0,532.128744,True,29012.838762,0.071578,0.071578,8056,0.0,0.0,0.0,0.0
231,AT,Anterior tegmental nucleus,130192.008303,54999.481059,10793.98028,52276.076803,12122.470161,75192.527244,0.030109,141661.304273,4265.333333,192.689733,True,37034.553527,0.030109,0.030109,3920,37034.554688,4065.12915,2524.678223,0.0
232,COApl3,"Cortical amygdalar area, posterior part, lateral zone, layer 3",176912.690542,117383.875115,19135.353535,28291.64371,12101.818182,59528.815427,0.425391,96313.829201,40971.0,2635.188988,True,123776.965777,0.425391,0.425391,75257,27688.865234,589.301331,7896.643066,2786.151611
233,VISal5,"Anterolateral visual area, layer 5",196068.004548,94631.871183,10417.069882,49203.564157,41815.499326,101436.133365,0.590953,159010.355799,93967.666667,1764.729535,True,94629.334078,0.590953,0.590953,115867,20220.171875,7874.245605,8514.100586,1499.680786
234,TEa4,"Temporal association areas, layer 4",177030.269675,108727.206017,4725.738397,22213.905705,41363.419556,68303.063658,0.340687,108945.392283,37116.333333,1891.03261,True,101467.237315,0.340687,0.340688,60312,19638.042969,4337.36377,6910.155762,4228.415527
235,LRN,Lateral reticular nucleus,113236.290232,49256.027812,12143.994617,49408.545475,2427.722328,63980.26242,0.557312,,2219.666667,460.104698,False,31768.144482,0.557312,0.557313,63108,2489.47168,2483.375244,0.0,6.096118
236,MOBmi,"Main olfactory bulb, mitral layer",375115.176877,328367.865311,6369.584611,15233.646376,25144.08058,46747.311566,0.963328,208235.381895,200599.0,45309.228067,True,455948.729312,0.963328,0.963328,361359,195777.765625,302.879944,3031.279297,3133.687012
237,ts,solitary tract,124152.62779,0.0,14421.886249,76371.490281,33359.25126,124152.62779,0.043406,,,,,,,0.043406,5389,,,,
238,RPO,Nucleus raphe pontis,73299.145299,23427.594628,8845.909646,32789.255189,8236.385836,49871.550672,0.063984,109990.39479,7037.666667,794.233173,True,2322.031194,0.063984,0.063984,4690,2322.03125,229.910904,2092.120117,0.0
239,ATN,Anterior group of the dorsal thalamus,156084.5925,80239.40941,12261.24068,42188.239615,21395.702795,75845.18309,2.127109,,,,,70008.471432,2.127109,2.127109,332009,2978.073486,529.796692,778.698792,2.71983
240,COApm1,"Cortical amygdalar area, posterior part, medial zone, layer 1",113600.118968,83829.578407,18587.552978,6547.996134,4634.991449,29770.540561,0.210141,111623.664709,23456.666667,2748.453444,True,79221.331128,0.210141,0.210141,23872,9553.834961,41.40324,2494.888428,407.234894
241,PTLp2/3,"Posterior parietal association areas, layer 2/3",190213.164188,105211.465807,12309.313369,26285.674673,46406.710339,85001.698381,0.901594,116368.375446,104917.0,618.265315,True,105967.384364,0.901594,0.901594,171495,13812.666016,3632.649902,3898.173096,5761.492188
242,LS,Lateral septal nucleus,122825.828918,67605.11486,8458.76472,26537.958924,20223.990414,55220.714058,3.338312,,,,,43437.742588,3.338312,3.338313,410031,36083.191406,211.75264,18660.501953,58.310963
243,AUDd6b,"Dorsal auditory area, layer 6b",182922.602148,82613.010739,4218.738427,84129.860511,11960.99247,100309.591408,0.126578,155424.433198,19673.333333,693.652891,True,79570.486595,0.126578,0.126578,23154,10147.123047,2931.702148,4914.259277,670.878357
244,MOBopl,"Main olfactory bulb, outer plexiform layer",140575.457493,110097.572557,4943.243463,5661.841034,19872.80044,30477.884936,5.199016,120592.443882,626962.0,147435.910629,True,100530.922647,5.199016,5.199016,730854,8368.804688,0.0,6455.288086,1913.51355
246,RR,"Midbrain reticular nucleus, retrorubral area",102106.835958,43227.105328,6994.63365,51763.880608,121.216373,58879.73063,0.445484,91191.376428,40624.333333,1390.406535,True,14778.543717,0.445484,0.445484,45487,14778.543945,386.478271,4773.672363,6.564032
247,AUD,Auditory areas,186286.866431,108440.846206,3917.736832,41397.109002,32531.174391,77846.020225,8.0595,,,,,113231.698203,8.0595,8.0595,1501379,18057.263672,4298.28418,4780.108887,2152.591797
248,COApm2,"Cortical amygdalar area, posterior part, medial zone, layer 2",192223.415682,144842.105263,28158.968851,11222.341568,8000.0,47381.310419,0.23275,136753.311851,31829.333333,2772.333734,True,166526.801765,0.23275,0.23275,44740,15077.300781,198.485565,5865.649902,2220.744629
249,AUDpo6a,"Posterior auditory area, layer 6a",204791.327913,118850.948509,2254.742547,48433.604336,35252.03252,85940.379404,0.023062,378796.747967,8736.0,332.239372,True,126370.181403,0.023062,0.023063,4723,14639.024414,2726.758301,7208.861328,1081.253906
250,LSc,"Lateral septal nucleus, caudal (caudodorsal) part",112974.975626,63545.011375,6014.949626,15463.113422,27951.901203,49429.964251,0.76925,88627.884303,68177.0,4455.200444,True,35873.686403,0.76925,0.76925,86906,26346.496094,192.07312,17610.509766,78.567947
251,AUDp2/3,"Primary auditory area, layer 2/3",197324.012106,125059.039175,2976.426958,20225.244043,49063.301931,72264.972932,0.733094,115082.598008,84366.333333,2119.264574,True,133468.761169,0.733094,0.733094,144657,13361.31543,3055.825439,2844.368164,4278.983887
252,AUDd5,"Dorsal auditory area, layer 5",189738.303996,99177.654329,6776.520983,52847.154363,30936.974321,90560.649667,0.700359,130255.508705,91225.666667,1930.916967,True,99721.750584,0.700359,0.700359,132885,18394.224609,7545.044922,7868.744629,1382.465088
254,RSP,Retrosplenial area,194923.785605,101650.081088,11216.947137,32473.148025,49583.609355,93273.704517,7.726969,,,,,106246.743557,7.726969,7.726969,1506170,28282.333984,5191.211426,5247.450684,2852.882568
255,AV,Anteroventral nucleus of thalamus,165372.112642,85982.083317,15086.650866,40107.660788,24195.717672,79390.029325,0.388953,157982.190442,61447.666667,5075.061215,True,78241.675813,0.388953,0.388953,64322,6883.730469,919.439331,1725.700928,6.235585
256,COApm3,"Cortical amygdalar area, posterior part, medial zone, layer 3",194219.028315,139136.416682,25971.86905,20503.900252,8606.842332,55082.611633,0.508781,127210.531704,64722.333333,4627.291252,True,157294.593772,0.508781,0.508781,98815,31057.03125,366.135925,7686.429199,3680.850342
257,VISpm6a,"posteromedial visual area, layer 6a",213513.121904,132806.978635,10465.587344,34860.057663,35380.498263,80706.143269,0.211359,181565.954511,38375.666667,933.306131,True,148381.858558,0.211359,0.211359,45128,16890.228516,6464.690918,8215.550781,1142.675049
258,LSr,"Lateral septal nucleus, rostral (rostroventral) part",124432.284821,67801.697186,8754.112167,29402.105532,18474.369936,56630.587635,2.448906,116515.144941,285334.666667,3104.848037,True,43978.487996,2.448906,2.448906,304723,38265.148438,219.993927,19094.9375,54.202438
259,ENTmv1,"Entorhinal area, medial part, ventral zone, layer 1",126146.845915,89717.24036,15354.705274,8358.103117,12716.797163,36429.605555,0.105766,124530.063525,13171.0,5772.015159,True,96298.312237,0.105766,0.105766,13342,7628.966797,60.469379,3380.446777,1787.816406
260,NLOT1,"Nucleus of the lateral olfactory tract, molecular layer",94310.220753,54570.845084,14955.946708,24783.42896,0.0,39739.375669,0.160672,116714.058803,18752.666667,4447.532612,True,38936.428036,0.160672,0.160672,15153,0.0,0.0,0.0,0.0
262,RT,Reticular nucleus of the thalamus,142042.724807,69417.677466,9783.919341,59626.552024,3214.575976,72625.047341,1.526484,151943.033591,231938.666667,3781.746202,True,56161.065821,1.526484,1.526484,216826,56161.066406,16715.861328,22407.652344,2.174198
263,AVP,Anteroventral preoptic nucleus,120212.014134,56466.431095,9031.80212,52339.222615,2374.558304,63745.583039,0.07075,115547.70318,8175.0,868.725503,True,30944.564878,0.07075,0.07075,8505,0.0,0.0,0.0,0.0
266,LSv,"Lateral septal nucleus, ventral part",153150.585176,89591.677503,18084.785436,39065.79974,6408.322497,63558.907672,0.120156,153694.32163,18467.333333,798.255807,True,80842.500236,0.120156,0.120156,18402,53947.578125,169.776688,16528.445312,12.359928
267,DP6a,"Dorsal peduncular area, layer 6a",165178.152118,85039.305768,16432.873915,63673.302705,32.669729,80138.84635,0.030609,159787.646759,4891.0,82.018291,True,84322.413252,0.030609,0.030609,5056,32396.792969,576.077332,11578.676758,818.25946
268,NLOT2,"Nucleus of the lateral olfactory tract, pyramidal layer",180008.604098,109393.411072,18200.837768,52414.355259,0.0,70615.193026,0.138016,141686.856108,19555.0,2848.926289,True,122376.987376,0.138016,0.138016,24844,6191.566406,170.316238,4652.089355,1369.162231
269,VISpl2/3,"Posterolateral visual area, layer 2/3",184070.79646,109821.647379,11567.052417,17486.725664,45195.371001,74249.149081,0.183625,166896.301339,30646.333333,618.492792,True,107438.396329,0.183625,0.183625,33800,13412.383789,2093.703857,2201.806152,6352.256836
271,SAG,Nucleus sagulum,119225.441696,48474.911661,4025.441696,60743.462898,5981.625442,70750.530035,0.088438,128757.597173,11387.0,808.343368,True,20375.29446,0.088438,0.088438,10544,20375.294922,639.341553,2944.192871,1.7096
272,AVPV,Anteroventral periventricular nucleus,166210.390726,94131.386861,10634.607127,46165.736368,15278.660369,72079.003864,0.072781,113133.533705,8234.0,792.803254,True,89926.489003,0.072781,0.072781,12097,17183.818359,64.159447,2344.398926,27.144419
274,RSPd6a,"Retrosplenial area, dorsal part, layer 6a",182546.523355,82368.440769,9093.853557,49679.62424,41404.604789,100178.082587,0.542234,161858.052618,87765.0,797.426486,True,72122.622426,0.542234,0.542234,98983,17362.783203,4786.443359,6769.969238,1165.693237
275,LSX,Lateral septal complex,121000.275314,64982.721941,8189.082536,27927.350392,19901.120446,56017.553373,3.745719,,,,,40951.588845,3.745719,3.745719,453233,34396.949219,202.168274,17473.443359,59.919365
276,PIR1,"Piriform area, molecular layer",74733.626675,43445.572178,7344.11525,15755.835859,8188.103386,31288.054496,4.793906,78695.044707,377256.666667,37073.525086,True,24015.006679,4.793906,4.793906,358266,8749.955078,124.467026,621.964111,259.50705
278,sAMY,Striatum-like amygdalar nuclei,146784.639681,87882.026985,16231.431516,41509.195578,1161.985602,58902.612696,3.987141,,40508.0,2928.437126,False,79468.432701,3.987141,3.987141,585251,42883.425781,270.031189,16680.146484,278.529724
279,RSPagl6b,"Retrosplenial area, lateral agranular part, layer 6b",179136.945813,76390.147783,9079.802956,72701.477832,20965.517241,102746.79803,0.031719,200501.80624,6359.666667,511.787391,True,70680.860848,0.031719,0.031719,5682,14583.865234,3440.612793,7515.303223,950.797607
280,B,Barrington's nucleus,160479.041916,82395.209581,15265.469062,51832.335329,10986.027944,78083.832335,0.031313,204007.984032,6388.0,141.460242,True,70255.120473,0.031313,0.031313,5025,60412.304688,347.356598,14430.28418,85.284462
281,VISam1,"Anteromedial visual area, layer 1",105305.785124,56727.272727,9550.413223,13282.644628,25745.454546,48578.512397,0.3025,91040.220386,27539.666667,7210.43829,True,35565.418253,0.3025,0.3025,31855,35565.417969,125.608521,738.009644,2125.240723
284,PIR2,"Piriform area, pyramidal layer",243816.630705,169131.020747,13323.950208,45538.788382,15822.871369,74685.609959,3.765625,144730.290456,545000.0,17491.226486,True,213402.212334,3.765625,3.765625,918122,4469.886719,0.002909,2840.521484,1629.338135
286,SCH,Suprachiasmatic nucleus,209360.824742,130639.175258,18804.123711,35072.164949,24845.360825,78721.649484,0.097,244969.072165,23762.0,3701.371232,True,158359.903894,0.097,0.097,20308,7003.885254,392.160889,6611.724121,0.0
287,BAC,Bed nucleus of the anterior commissure,183964.757709,126519.823789,12264.317181,45180.61674,0.0,57444.933921,0.014188,276745.961821,3926.333333,580.553472,True,140645.813014,0.014188,0.014188,2610,0.0,0.0,0.0,0.0
288,ORBvl2/3,"Orbital area, ventrolateral part, layer 2/3",167556.293093,100995.395583,11933.902068,33296.155195,21330.840248,66560.897511,0.668516,157949.437108,105591.666667,7845.679469,True,90141.245902,0.668516,0.668516,112014,14719.504883,4970.919922,5828.411621,2023.20459
289,TEa5,"Temporal association areas, layer 5",182346.206646,107491.387572,4648.276219,36135.208641,34071.334214,74854.819074,1.206469,109779.884477,132446.0,8269.852719,True,106158.317514,1.206469,1.206469,219995,17729.087891,3894.802979,8720.958984,1719.833984
290,LZ,Hypothalamic lateral zone,131433.460982,67477.43771,9679.542434,52958.691094,1317.789744,63956.023272,7.936016,,,,,50760.210824,7.936016,7.936016,1043058,33086.539062,986.742493,7477.234375,28.287363
291,PIR3,"Piriform area, polymorph layer",119736.722148,61424.901503,5124.610028,44230.679073,8956.531545,58311.820645,4.572641,86008.362692,393285.333333,10447.957137,True,39355.679049,4.572641,4.572641,547513,24215.314453,1623.888916,20182.021484,1000.761597
292,BA,Bed nucleus of the accessory olfactory tract,154917.508003,95409.012559,16547.648363,42960.847082,0.0,59508.495444,0.063453,85265.041451,5410.333333,216.749471,True,97493.021646,0.063453,0.063453,9830,12720.849609,57.226849,6457.679199,366.245605
294,SCm,"Superior colliculus, motor related",142266.50335,56567.339779,8890.433862,47398.810705,29409.919003,85699.16357,6.850172,,,,,35714.72298,6.850172,6.850172,974550,28688.214844,2070.490723,9861.024414,44.119781
295,BLA,Basolateral amygdalar nucleus,152893.979003,87135.897755,10399.767625,38562.263994,16796.049629,65758.081248,1.506188,,,,,77920.55678,1.506188,1.506188,230287,29642.195312,1234.314331,6103.780762,1945.864014
296,ACAv2/3,"Anterior cingulate area, ventral part, layer 2/3",192385.909235,113684.798477,15337.52248,29117.867344,34245.720935,78701.110758,0.738516,169974.738178,125529.0,9606.516903,True,119753.501842,0.738516,0.738516,142080,15025.975586,4398.27002,4799.577637,4840.922852
298,MA,Magnocellular nucleus,130283.998999,62636.53798,13247.727841,53655.298924,744.434253,67647.461019,0.374781,118768.837377,44512.333333,2935.764693,True,41955.628426,0.374781,0.374781,48828,31623.564453,1261.964355,11414.891602,37.181816
301,st,stria terminalis,113402.263689,0.0,23406.546344,82338.329764,7657.38758,113402.263689,0.81725,,,,,,,0.81725,92678,,,,
302,SCs,"Superior colliculus, sensory related",162796.834917,65024.77388,13070.780793,44247.955583,40453.324662,97772.061037,2.594719,,,,,53176.175256,2.594719,2.594719,422412,42641.722656,5317.475098,16230.99707,325.816956
303,BLAa,"Basolateral amygdalar nucleus, anterior part",160292.568571,90429.944518,12870.516527,40825.818551,16166.288974,69862.624053,0.799813,100179.31286,80124.666667,2890.42148,True,83722.076919,0.799813,0.799812,128204,30535.404297,1174.64978,5641.882812,1849.954102
304,PL2/3,"Prelimbic area, layer 2/3",167783.967439,98098.602017,9610.759158,19898.778977,40175.827287,69685.365422,0.441484,119977.066006,52968.0,1751.153049,True,87986.083106,0.441484,0.441484,74074,23239.998047,5121.727051,3643.022705,2590.796387
305,VISp6b,"Primary visual area, layer 6b",186043.907986,80155.339806,9124.46427,71260.3866,25503.717309,105888.56818,0.178641,211907.752413,37855.333333,3919.641608,True,77867.355786,0.178641,0.178641,33235,18999.990234,7130.73877,4815.000977,1179.272339
307,MARN,Magnocellular reticular nucleus,99674.219643,41904.536021,9314.980306,46630.468849,1824.234467,57769.683622,0.737844,131762.314176,97220.0,2137.343912,True,21572.516365,0.737844,0.737844,73544,3685.763428,546.055725,1924.226196,56.886604
308,PTLp6a,"Posterior parietal association areas, layer 6a",198714.231229,89738.971243,9117.750261,72735.335249,27122.174477,108975.259986,0.614516,161903.667353,99492.333333,768.217634,True,92028.020427,0.614516,0.614516,122113,17201.861328,2969.793945,5126.324707,834.96637
310,SF,Septofimbrial nucleus,97474.474779,33500.456714,5108.697859,44578.504009,14286.816198,63974.018066,0.307906,139718.935011,43020.333333,4607.285137,True,10569.04932,0.307906,0.307906,30013,10569.049805,44.171383,5930.667969,27.305786
311,BLAp,"Basolateral amygdalar nucleus, posterior part",156105.889596,92377.31719,7035.228128,36936.042137,19757.302141,63728.572406,0.456844,101115.534578,46194.0,2660.840657,True,86539.802362,0.456844,0.456844,71316,26009.400391,1698.275146,6274.67334,2412.383057
312,ENTl4/5,"Entorhinal area, lateral part, layer 4/5",151814.064719,87780.584411,4888.124953,39176.743143,19968.612211,64033.480308,0.209078,96039.060359,20079.666667,933.666072,True,71405.70556,0.209078,0.209078,31741,13655.342773,1206.174927,6006.358398,866.801147
313,MB,Midbrain,133707.298332,56554.588166,9323.473069,47635.084728,20194.152368,77152.710165,35.341766,,511481.333333,23248.934176,False,36739.606064,35.341766,35.341766,4725452,28060.695312,3533.713867,10499.029297,256.753479
314,AIp6a,"Agranular insular area, posterior part, layer 6a",154954.479483,92520.913049,2431.983111,35926.639398,24074.943924,62433.566434,0.236844,136482.385539,32325.0,1105.740928,True,78612.828665,0.236844,0.236844,36700,13210.081055,661.3396,7363.318359,724.74707
315,Isocortex,Isocortex,161114.999621,83405.551886,9321.402517,35394.926947,32993.118271,77709.447735,123.177172,,,,,72779.539604,123.177172,123.177172,19845690,17940.859375,4167.206055,4485.08252,2258.434082
318,SG,Supragenual nucleus,172029.19708,78890.510949,14715.328467,48817.518248,29605.839416,93138.686131,0.017125,270014.59854,4624.0,292.603828,True,73924.318829,0.017125,0.017125,2946,73924.320312,1011.692505,24512.248047,19.883942
319,BMA,Basomedial amygdalar nucleus,152219.359101,90465.80773,15052.967735,43145.028081,3555.555556,61753.551371,1.135125,,,,,83442.01841,1.135125,1.135125,172788,31180.023438,466.416412,11448.723633,1111.326538
320,MOp1,"Primary motor area, Layer 1",78848.378661,43282.367339,11728.365279,8009.931413,15827.71463,35566.011323,1.774672,105954.234498,188034.0,17596.46473,True,18976.50049,1.774672,1.774672,139930,18976.501953,61.947533,358.351807,1405.595947
321,SubG,Subgeniculate nucleus,210593.974175,112022.955524,14737.446198,67902.439024,15931.133429,98571.018651,0.021781,175150.645624,3815.0,264.142007,True,138810.920868,0.021781,0.021781,4587,116088.585938,1689.635376,21696.958984,20.14974
322,SSp,Primary somatosensory area,162799.911547,77103.91904,10721.344643,39384.568587,35590.079277,85695.992508,31.231344,,,,,62868.13098,31.231344,31.231344,5084460,15880.959961,4926.37207,4530.286133,2000.794434
323,MBmot,"Midbrain, motor related",130153.935856,57290.175636,8549.63183,47614.06865,16700.05974,72863.76022,22.885547,,,,,36240.623399,22.885547,22.885547,2978644,25543.986328,1635.843506,6925.436523,60.594482
324,ENTmv2,"Entorhinal area, medial part, ventral zone, layer 2",265315.170741,199547.676805,22511.662624,17722.709461,25533.121851,65767.493935,0.083734,141741.867264,11868.666667,3707.071935,True,254914.510793,0.083734,0.083734,22216,23091.517578,178.798325,9357.78125,4352.924316
325,SGN,Suprageniculate nucleus,176354.884379,95199.622463,10268.994809,54979.392795,15906.874312,81155.261916,0.099328,149195.742226,14819.333333,577.668879,True,97246.572719,0.099328,0.099328,17517,8588.900391,296.503387,714.277161,1.610836
326,scp,superior cerebelar peduncles,69359.61527,0.0,13283.144333,52322.270379,3754.200558,69359.61527,2.105375,,,,,,,2.105375,146028,,,,
327,BMAa,"Basomedial amygdalar nucleus, anterior part",143925.364899,78130.912374,7701.058334,58093.394192,0.0,65794.452526,0.311516,136795.706475,42614.0,1509.977152,True,66958.410879,0.311516,0.311516,44835,31106.732422,105.380112,16562.904297,265.54245
328,AId2/3,"Agranular insular area, dorsal part, layer 2/3",131734.014894,78728.300945,18494.278706,23714.5669,10796.868344,53005.71395,1.063734,87528.430206,93107.0,1949.620219,True,53281.492224,1.063734,1.063734,140130,12853.162109,2815.54126,3856.105713,2646.543945
329,SSp-bfd,"Primary somatosensory area, barrel field",172443.055261,81340.09657,8885.893712,38191.439356,44025.625622,91102.95869,10.377797,,,,,70796.332057,10.377797,10.377797,1789579,12182.396484,3977.51001,4557.276855,1897.976685
330,RSPd6b,"Retrosplenial area, dorsal part, layer 6b",157372.328459,58798.650169,5867.266592,59950.506187,32755.905512,98573.67829,0.055563,180553.430821,10032.0,396.367254,True,41239.115252,0.055563,0.055562,8744,12722.09082,4786.445312,6769.841309,1165.804077
331,MBO,Mammillary body,175059.886627,105706.360993,16245.319723,43667.580061,9440.62585,69353.525634,0.746984,,,,,112715.12723,0.746984,0.746984,130767,7954.429199,3391.847412,862.481995,12.622741
332,ASO,Accessory supraoptic group,173714.285714,115809.52381,6857.142857,51047.619048,0.0,57904.761905,0.001313,,,,,113202.378381,0.001313,0.001313,228,113171.765625,0.0,4254.32373,0.0
333,SH,Septohippocampal nucleus,132552.763819,74422.110553,8673.366834,23015.075377,26442.211055,58130.653266,0.0995,81996.649916,8158.666667,514.303736,True,51558.781771,0.0995,0.0995,13189,51558.785156,369.531097,13366.058594,214.806763
334,BMAp,"Basomedial amygdalar nucleus, posterior part",155356.41517,95131.262924,17833.696951,37491.073969,4900.381325,60225.152245,0.823609,104946.190865,86434.666667,2029.661384,True,89676.650334,0.823609,0.823609,127953,31207.746094,602.971985,9514.374023,1431.229492
335,PERI6a,"Perirhinal area, layer 6a",187094.675052,112876.142558,2694.171908,52241.174004,19283.186583,74218.532495,0.186328,133726.457023,24917.0,1364.426253,True,120338.230095,0.186328,0.186328,34861,13071.392578,1022.614014,7566.11084,951.079895
336,csc,superior colliculus commissure,133597.471022,0.0,28257.11275,82883.034773,22457.323498,133597.471022,0.029656,,,,,,,0.029656,3962,,,,
337,SSp-ll,"Primary somatosensory area, lower limb",158333.679749,74596.527861,12341.466919,42339.829027,29055.855942,83737.151888,3.262578,,,,,58464.167371,3.262578,3.262578,516576,16645.380859,5200.072266,4760.979004,2260.666748
338,SFO,Subfornical organ,381634.365634,263416.583417,27364.635365,48655.344655,42197.802198,118217.782218,0.015641,371255.411255,5806.666667,1523.5952,True,393806.195556,0.015641,0.015641,5969,18936.943359,1580.257935,756.641968,0.0
339,MBsen,"Midbrain, sensory related",147090.904262,54295.612819,11082.050928,47528.322701,34184.917814,92795.291443,8.824359,,,,,36822.2915,8.824359,8.824359,1297983,32793.6875,5653.008301,19423.972656,829.742737
340,PTLp6b,"Posterior parietal association areas, layer 6b",179067.079809,62381.375094,6308.349384,91259.358513,19117.996818,116685.704715,0.186578,160576.16615,29960.0,1078.005566,True,52017.785608,0.186578,0.186578,33410,11657.785156,2969.786133,5126.323242,834.957397
341,smd,supramammillary decussation,131893.80531,0.0,33415.929204,69168.141593,29309.734513,131893.80531,0.014125,,,,,,,0.014125,1863,,,,
342,SI,Substantia innominata,90515.254145,40856.214172,8117.941747,40502.716242,1038.381983,49659.039973,3.437078,81746.856811,280970.333333,5816.005617,True,12489.898193,3.437078,3.437078,311108,12489.893555,935.773926,4596.603516,41.900902
343,BS,Brain stem,129619.370961,60081.059293,9899.68326,45699.898794,13938.729614,69538.311668,113.366859,,,,,43448.849424,113.366859,113.366859,14694541,21245.970703,2967.27002,7513.547852,131.907181
344,AIp5,"Agranular insular area, posterior part, layer 5",131651.361012,80329.94226,2941.61855,27574.374485,20805.425717,51321.418752,0.340969,111495.066141,38016.333333,1665.062561,True,57225.285284,0.340969,0.340969,44889,16022.462891,1360.803223,7867.320801,1004.362183
345,SSp-m,"Primary somatosensory area, mouth",139099.240341,63498.983258,8961.658817,34656.804796,31981.79347,75600.257083,2.965969,,,,,36891.057442,2.965969,2.965969,412564,15080.196289,5490.631836,4439.514648,1887.332397
346,SSp2/3,"Primary somatosensory area, layer 2/3",154406.694959,80731.686035,10582.477294,21662.475707,41430.055923,73675.008924,0.787906,,,,,60212.598793,0.787906,0.787906,121658,26971.990234,5345.639648,2717.128174,4026.864258
347,SBPV,Subparaventricular zone,160856.151349,102272.472853,13662.599351,32634.05351,12287.025635,58583.678495,0.139578,186165.752453,25984.666667,252.198996,True,95692.561389,0.139578,0.139578,22452,46680.296875,40.069534,10612.205078,33.666405
348,MBsta,"Midbrain, behavioral state related",127952.318512,62851.829777,9810.942901,52248.738427,3040.807407,65100.488735,1.572938,,,,,46547.493941,1.572938,1.572938,201261,29776.65625,737.45813,4232.634277,232.326187
350,SLC,Subceruleus nucleus,104506.71785,43024.952015,9857.965451,45911.708253,5712.092131,61481.765835,0.032563,122369.801663,3984.666667,96.857283,True,18111.977363,0.032563,0.032563,3403,7976.391602,128.31517,4810.643555,88.675499
351,BST,Bed nuclei of the stria terminalis,127015.244423,67497.978168,9629.463692,46741.566208,3146.236355,59517.266255,1.646094,,,,,46305.542859,1.646094,1.646094,209079,44544.226562,206.072159,13755.911133,100.405106
353,SSp-n,"Primary somatosensory area, nose",140706.633074,66579.20852,7223.61458,31560.274169,35343.535806,74127.424554,1.420203,,,,,42117.134619,1.420203,1.420203,199832,16157.927734,5940.639648,4683.25,1761.600464
354,MY,Medulla,111186.193713,46437.2059,10050.74199,43528.988162,11169.257661,64748.987813,25.976391,,961333.0,67182.72647,False,25918.343447,25.976391,25.976391,2888216,16431.265625,3784.958252,6501.407715,80.425072
356,PST,Preparasubthalamic nucleus,147898.477157,78213.19797,5928.93401,63756.345178,0.0,69685.279188,0.012313,160297.800338,1973.666667,222.913287,True,76409.974869,0.012313,0.012313,1821,21057.705078,339.789246,2993.96582,13.416801
358,SLD,Sublaterodorsal nucleus,139363.20956,66253.521127,11076.397781,58386.683739,3646.606914,73109.688434,0.073219,119281.832409,8733.666667,483.56213,True,56322.063451,0.073219,0.073219,10204,24452.5625,386.945007,7239.010742,45.288254
359,BSTa,"Bed nuclei of the stria terminalis, anterior division",117822.022053,59534.213387,8445.535021,44775.151421,5067.122224,58287.808666,1.006094,,,,,33498.889577,1.006094,1.006094,118540,33418.699219,78.420219,12692.226562,130.125488
360,DP2/3,"Dorsal peduncular area, layer 2/3",137944.557922,79061.569886,8245.112343,34334.403268,16303.472425,58882.988036,0.107094,92909.250073,9950.0,675.724796,True,62425.122431,0.107094,0.107094,14773,25387.173828,1595.388672,4862.554688,1826.243408
361,SSp-tr,"Primary somatosensory area, trunk",192403.969952,97979.390995,13319.272283,44038.283977,37067.022697,94424.578957,4.856797,,,,,100272.053267,4.856797,4.856797,934467,21703.0625,5482.72168,4747.561523,2259.903564
362,MD,Mediodorsal nucleus of thalamus,148145.768539,75957.954411,6748.29075,31551.933651,33887.589727,72187.814128,1.190672,,,,,62708.003205,1.190672,1.190672,176393,800.260986,140.685333,585.71051,1.671628
363,PL5,"Prelimbic area, layer 5",168259.718545,89740.002787,7588.686081,38886.442803,32044.586875,78519.715759,0.448562,135396.962519,60734.0,3867.728403,True,77682.391899,0.448562,0.448563,75475,16287.993164,5993.378906,6500.244629,930.474304
364,PSTN,Parasubthalamic nucleus,179066.31042,99443.283945,14394.947777,65165.897498,62.1812,79623.026476,0.064328,137648.449518,8854.666667,379.417097,True,107990.749528,0.064328,0.064328,11519,9428.943359,168.710495,2465.392822,28.277399
366,SMT,Submedial nucleus of the thalamus,140330.919465,72782.386073,5435.154707,42170.433765,19942.94492,67548.533392,0.213609,84745.032063,18102.333333,883.069835,True,58191.92295,0.213609,0.213609,29976,584.293274,33.530956,549.90387,0.858423
367,BSTp,"Bed nuclei of the stria terminalis, posterior division",141467.1875,80017.1875,11490.625,49832.8125,126.5625,61450.0,0.64,,,,,66437.87696,0.64,0.64,90539,62033.792969,406.743744,15428.048828,53.684021
368,PERI6b,"Perirhinal area, layer 6b",176391.378058,97557.76217,2464.519254,61132.477598,15236.619036,78833.615888,0.064516,152366.190361,9830.0,520.953933,True,95652.062029,0.064516,0.064516,11380,15419.954102,1022.61322,7566.100098,951.079834
369,SSp-ul,"Primary somatosensory area, upper limb",146392.121755,65066.890816,12527.262103,40000.575727,28797.393109,81325.230938,5.427922,,,,,41829.679003,5.427922,5.427922,794605,14343.076172,4687.864746,4503.246582,1987.569458
370,MY-mot,"Medulla, motor related",106581.396518,44418.715612,9144.28003,44189.01206,8829.388816,62162.680906,16.164313,,,,,22255.269277,16.164313,16.164312,1722815,14912.827148,2216.936523,5362.280762,93.34359
371,ENTmv3,"Entorhinal area, medial part, ventral zone, layer 3",250838.127468,179943.598421,20358.714044,25773.265651,24762.549351,70894.529047,0.027703,160908.441436,4457.666667,1841.451149,True,227718.745248,0.027703,0.027703,6949,19970.400391,164.370102,15727.979492,4078.048828
372,ICB,Infracerebellar nucleus,144676.056338,57915.492958,6422.535211,42478.873239,37859.15493,86760.56338,0.008875,137014.084507,1216.0,47.318073,True,30011.042346,0.008875,0.008875,1284,29996.429688,10617.53125,1558.617554,0.0
374,SNc,"Substantia nigra, compact part",136590.815002,69242.956882,9381.187945,57739.887029,226.783146,67347.85812,0.445359,92064.227157,41001.666667,941.502169,True,54270.149244,0.445359,0.445359,60832,39067.328125,890.477783,1734.527466,0.740006
375,CA,Ammon's horn,162819.026524,107838.201502,12004.468667,23082.557224,19893.799132,54980.825023,14.503766,,,,,125292.232989,14.503766,14.503766,2361489,6051.923828,1245.312744,2064.272949,700.333984
377,VISpl6a,"Posterolateral visual area, layer 6a",202290.809722,101904.7893,7823.96088,51113.476197,41448.583345,100386.020423,0.108641,132240.279975,14366.666667,1312.709158,True,103769.544811,0.108641,0.108641,21977,20000.833984,4508.88916,6120.927246,820.401672
378,SSs,Supplemental somatosensory area,160649.447425,82648.827322,4928.031278,35468.035798,37604.553027,78000.620103,5.946594,,,,,70824.712539,5.946594,5.946594,955317,16451.554688,4734.399902,4789.15918,1966.515503
379,MY-sat,"Medulla, behavioral state related",109236.434624,48535.959892,14756.99898,45179.644172,763.831581,60700.474733,0.352172,,,,,27460.17568,0.352172,0.352172,38470,7769.266113,639.667175,1127.809692,2.828781
380,cuf,cuneate fascicle,127458.544839,0.0,5333.333333,39905.245347,82219.966159,127458.544839,0.036938,,,,,,,0.036938,4708,,,,
381,SNr,"Substantia nigra, reticular part",98167.005729,46069.823454,9003.998597,42839.518298,253.665381,52097.182275,1.336406,94512.927238,126307.666667,2783.769447,True,18431.722876,1.336406,1.336406,131191,18431.724609,2284.735596,680.259338,1.30812
382,CA1,Field CA1,139985.421923,91055.512472,9944.316407,19209.390553,19776.202491,48929.909451,8.583094,,,,,96289.709451,8.583094,8.583094,1201508,5823.374023,1163.47522,1722.146606,906.455933
385,VISp,Primary visual area,183922.23348,100245.618611,11687.288705,32537.222997,39452.103167,83676.614869,6.230188,,,,,99795.364966,6.230188,6.230188,1145870,29140.662109,7389.292969,4550.771484,2744.204102
386,MY-sen,"Medulla, sensory related",131209.154906,54718.333338,12347.386607,45444.275528,18699.159434,76490.821569,6.177016,,,,,36395.374195,6.177016,6.177016,810481,16835.769531,6000.368652,9538.301758,15.327008
388,grf,gracile fascicle,80598.930481,0.0,1026.737968,3935.828877,75636.363636,80598.930481,0.005844,,,,,,,0.005844,471,,,,
390,SO,Supraoptic nucleus,161030.461271,104912.097476,19662.315057,36456.048738,0.0,56118.363795,0.035906,214465.912388,7700.666667,1050.481001,True,117593.320056,0.035906,0.035906,5782,11751.05957,32.964226,2527.024902,33.265232
391,CA1slm,"Field CA1, stratum lacunosum-moleculare",79091.300914,39585.270851,10684.228139,11220.067194,17601.734731,39506.030063,2.334656,76295.31471,178123.333333,6098.565432,True,8612.662981,2.334656,2.334656,184651,6124.476562,22.858328,122.288239,752.934387
393,VISpl6b,"Posterolateral visual area, layer 6b",175806.2954,75854.72155,5656.174334,59661.016949,34634.382567,99951.57385,0.012906,283351.089588,3657.0,377.063655,True,66196.167062,0.012906,0.012906,2269,28347.607422,4508.728027,6120.408691,820.398132
394,VISam,Anteromedial visual area,180961.690973,90879.830106,12580.093906,49574.967232,27926.799728,90081.860866,1.883531,,,,,90933.278614,1.883531,1.883531,340847,19320.066406,4135.947754,5343.398926,2909.623535
395,MDRN,Medullary reticular nucleus,98141.284093,43388.187462,6165.240008,38002.291955,10585.564668,54753.096631,1.567984,,,,,17023.922883,1.567984,1.567984,153884,13275.887695,2500.556641,8844.671875,49.132744
397,vtd,ventral tegmental decussation,95879.654005,0.0,7413.313276,87972.922151,493.418578,95879.654005,0.083094,,,,,,,0.083094,7967,,,,
398,SOC,Superior olivary complex,89914.198582,33573.986417,11948.885854,44391.326311,0.0,56340.212165,0.835141,,,,,8544.648471,0.835141,0.835141,75091,7871.42041,5131.204102,2566.898193,173.30397
399,CA1so,"Field CA1, stratum oriens",117626.63481,62130.493949,8103.630603,29396.187607,17996.322651,55496.140861,1.504141,82945.037137,124761.0,11774.532984,True,53154.583725,1.504141,1.504141,176927,7249.143555,1879.727661,4938.518066,430.896881
401,VISam4,"Anteromedial visual area, layer 4",203055.416875,102938.924946,15459.477451,51235.147279,33421.867199,100116.491929,0.187781,135137.737838,25376.333333,4960.129165,True,111422.964337,0.187781,0.187781,38130,19736.867188,6304.601562,6295.058105,3860.664307
402,VISal,Anterolateral visual area,183217.692513,91971.832058,9078.54288,39230.238666,42937.078908,91245.860454,2.052422,,,,,89818.418551,2.052422,2.052422,376040,17163.714844,4548.764648,4796.298828,2462.301025
403,MEA,Medial amygdalar nucleus,160048.380476,103680.320401,21912.831039,34452.665832,2.563204,56368.060075,1.560547,,,,,104102.420445,1.560547,1.560547,249763,39800.441406,371.375092,14465.608398,361.816162
406,SPF,Subparafascicular nucleus,155898.782278,79479.056913,8155.453839,56853.268849,11411.002677,76419.725365,0.361844,,,,,71039.564121,0.361844,0.361844,56411,23138.078125,229.405212,6773.850098,3.135834
407,CA1sp,"Field CA1, pyramidal layer",301639.95112,227129.873727,13666.541752,34321.205703,26522.329939,74510.077393,1.917969,213476.366599,409441.0,16241.557468,True,314086.96026,1.917969,1.917969,578536,8342.955078,3416.931152,3020.416748,1812.080566
408,PAA1,"Piriform-amygdalar area, molecular layer",71508.638245,41188.202063,12095.381988,7554.884057,10670.170137,30320.436182,0.237859,79517.572095,18914.0,2430.424654,True,23066.521008,0.237859,0.237859,17009,1975.937988,76.205948,1270.794678,269.307922
409,VISl,Lateral visual area,163430.430119,80853.178311,9079.898958,31011.176857,42486.175992,82577.251808,0.903094,,,,,64956.86227,0.903094,0.903094,147593,15916.413086,4537.881348,5026.909668,2867.564209
411,MEAad,"Medial amygdalar nucleus, anterodorsal part",156479.971704,93533.999469,15987.266779,46958.705456,0.0,62945.972234,0.706812,119140.03596,84209.666667,6987.902785,True,88927.641271,0.706812,0.706812,110602,45724.300781,114.321602,14052.054688,96.897003
412,ORBl2/3,"Orbital area, lateral part, layer 2/3",151546.237333,85113.081008,11817.801003,41568.11306,13047.242262,66433.156325,0.738547,123770.974817,91410.666667,6618.423856,True,69403.939206,0.738547,0.738547,111924,13939.998047,5527.368652,4281.154297,2062.497803
413,vVIIIn,vestibular nerve,64828.802351,0.0,10850.844967,45725.202057,8252.755327,64828.802351,0.170125,,,,,,,0.170125,11029,,,,
414,SPFm,"Subparafascicular nucleus, magnocellular part",199234.899329,119932.885906,6966.442953,46335.57047,26000.0,79302.013423,0.0745,159503.355705,11883.0,228.873327,True,138727.565446,0.0745,0.0745,14843,42592.902344,79.700623,12246.234375,10.996055
415,CA1sr,"Field CA1, stratum radiatum",92485.369157,56624.352489,7786.781657,10132.581474,17941.653537,35861.016668,2.826328,56886.648054,160780.333333,9812.738473,True,43871.428613,2.826328,2.826328,261394,3106.065674,195.27446,450.958466,671.793152
416,PAA2,"Piriform-amygdalar area, pyramidal layer",186317.255974,128101.578344,16517.767393,14632.924786,27064.985451,58215.67763,0.177203,103956.029745,18421.333333,431.121019,True,146149.162727,0.177203,0.177203,33016,8258.024414,870.116638,4349.208008,2965.896484
418,MEAav,"Medial amygdalar nucleus, anteroventral part",150973.54578,105231.379126,24725.165815,21017.000839,0.0,45742.166654,0.409906,127149.398999,52119.333333,3275.190732,True,107647.457796,0.409906,0.409906,61885,29632.3125,70.358727,13902.383789,109.805176
421,VISl1,"Lateral visual area, layer 1",86835.228051,40849.19874,4076.153952,2559.649363,39350.225996,45986.029311,0.114078,197639.410126,22546.333333,2958.281652,True,11750.444446,0.114078,0.114078,9906,11750.444336,65.005234,222.335464,989.673889
422,SPFp,"Subparafascicular nucleus, parvicellular part",144662.969005,68990.538336,8463.730288,59580.206634,7628.493747,75672.430669,0.287344,113186.151894,32523.333333,1695.360237,True,53490.005104,0.287344,0.287344,41568,18094.0,268.219299,5355.01709,1.097904
423,CA2,Field CA2,153575.923949,103455.442021,12109.602969,17775.608764,20235.270195,50120.481928,0.614719,,,,,117827.138656,0.614719,0.614719,94406,15789.921875,1315.775391,1797.89624,597.035034
424,PAA3,"Piriform-amygdalar area, polymorph layer",155423.042032,95941.941337,13551.859692,21713.940127,24215.300877,59481.100695,0.206687,105370.023183,21778.666667,494.55266,True,87939.210607,0.206687,0.206688,32124,11961.013672,957.409912,6709.322266,2838.266602
425,VISpl,Posterolateral visual area,179613.581928,99440.003757,10038.979946,28893.627014,41240.971211,80173.578171,0.665406,,,,,95465.858961,0.665406,0.665406,119516,20999.675781,4893.90918,4894.666016,3290.253174
426,MEApd,"Medial amygdalar nucleus, posterodorsal part",169007.189433,111834.141448,27176.7263,29985.621134,10.700552,57173.047985,0.373812,,,,,114344.458669,0.373812,0.373813,63177,41983.8125,1193.842529,17352.150391,747.441895
427,ECT2/3,Ectorhinal area/Layer 2/3,178853.213653,114034.558955,3672.527141,18883.517931,42262.609627,64818.654699,1.138453,93324.586084,106245.666667,10321.460959,True,115302.853176,1.138453,1.138453,203616,17790.529297,1611.187134,4826.951172,5968.452148
429,SPVC,"Spinal nucleus of the trigeminal, caudal part",113115.834256,45986.885361,8227.976724,35248.773799,23652.198372,67128.948895,0.888797,159723.408868,141961.666667,22514.994233,True,21224.30879,0.888797,0.888797,100537,21224.306641,8749.339844,12453.601562,21.367733
430,RSPv2/3,"Retrosplenial area, ventral part, layer 2/3",239256.023156,136459.946276,14880.869583,31123.753202,56791.454095,102796.07688,0.750359,295706.751626,221886.333333,6942.806445,True,165010.858666,0.750359,0.750359,179528,16765.480469,4642.695801,5392.300781,6009.913574
431,CA2slm,"Field CA2, stratum lacunosum-moleculare",73028.936258,36016.888065,10366.800536,11566.26506,15078.982597,37012.048193,0.151734,64612.913191,9804.0,888.314696,True,9450.208692,0.151734,0.151734,11081,9317.701172,100.724426,332.817719,296.005157
432,NC,Nucleus circularis,173714.285714,115809.52381,6857.142857,51047.619048,0.0,57904.761905,0.001313,148571.428571,195.0,9.848858,True,113202.378381,0.001313,0.001313,228,113171.765625,0.0,4254.32373,0.0
433,VISam5,"Anteromedial visual area, layer 5",188305.561676,90433.162318,12817.726858,59975.197507,25079.474993,97872.399358,0.496422,131450.022557,65254.666667,2680.309746,True,89627.185215,0.496422,0.496422,93479,17559.583984,7445.54248,8840.676758,1273.365723
434,RSPd2/3,"Retrosplenial area, dorsal part, layer 2/3",224100.258267,123698.378424,11516.15225,21304.881663,67580.845929,100401.879842,0.738094,180784.170936,133435.666667,7333.985092,True,140881.594909,0.738094,0.738094,165407,16116.519531,5267.206055,4834.805664,6014.506348
435,MEApv,"Medial amygdalar nucleus, posteroventral part",201369.337202,153494.309306,37163.133229,10711.894666,0.0,47875.027896,0.070016,208243.993156,14580.333333,792.862115,True,181856.332149,0.070016,0.070016,14099,27870.876953,337.505066,6526.65918,2452.739502
436,fx,columns of the fornix,102195.49955,0.0,10115.571557,87523.312331,4556.615662,102195.49955,0.347187,,,,,,,0.347187,35481,,,,
437,SPVI,"Spinal nucleus of the trigeminal, interpolar part",117943.693941,46136.701446,11498.444078,44002.782354,16305.766063,71806.992495,1.707188,189824.296784,324065.666667,12009.966583,True,20413.551485,1.707188,1.707188,201352,20413.550781,4158.532715,16250.364258,4.649666
438,CA2so,"Field CA2, stratum oriens",111213.918372,59118.940803,9762.118394,26485.173432,15847.685742,52094.977569,0.142797,72135.098661,10300.666667,1052.739442,True,48334.337642,0.142797,0.142797,15881,19568.867188,2146.492188,3878.351318,398.337219
439,PVHdp,"Paraventricular hypothalamic nucleus, descending division, dorsal parvicellular part",155655.172414,98896.551724,9448.275862,17724.137931,29586.206897,56758.62069,0.0145,146781.609195,2128.333333,133.822021,True,96331.134623,0.0145,0.0145,2257,3733.654297,12.886615,3652.328369,68.43869
440,ORBl6a,"Orbital area, lateral part, layer 6a",153558.215452,67715.54759,7803.878897,59661.780708,18377.008257,85842.667861,0.244109,130333.653374,31815.666667,3323.019761,True,47903.668963,0.244109,0.244109,37485,12611.560547,3209.299561,5941.372559,572.04718
441,VISam6b,"Anteromedial visual area, layer 6b",197162.52783,81471.484843,11377.290632,93703.71639,10610.035965,115691.042987,0.091234,238119.312668,21724.666667,1645.594827,True,85435.406433,0.091234,0.091234,17988,15575.533203,3452.161377,5829.441895,795.377991
442,RSPd1,"Retrosplenial area, dorsal part, layer 1",130102.906296,68149.141393,8158.628759,11239.113247,42556.022896,61953.764903,0.494078,128513.414081,63495.666667,4771.50944,True,55718.460977,0.494078,0.494078,64281,55718.460938,368.187988,748.68512,1396.564331
443,dhc,dorsal hippocampal commissure,101861.527149,0.0,5745.113975,74105.654244,22010.75893,101861.527149,0.807469,,,,,,,0.807469,82250,,,,
444,MED,Medial group of the dorsal thalamus,149117.122563,78392.625057,6603.596796,31776.93819,32343.962521,70724.497506,1.65425,,,,,65608.265655,1.65425,1.65425,246677,651.448608,105.59021,492.58194,1.314026
445,SPVO,"Spinal nucleus of the trigeminal, oral part",104587.545378,40719.149044,10768.754284,42678.581402,10421.060648,63868.396334,0.615484,,,,,16452.572488,0.615484,0.615484,64372,13212.249023,3207.639893,5564.606934,8.420263
446,CA2sp,"Field CA2, pyramidal layer",405413.233458,326116.798446,20125.953669,26047.440699,33123.040644,79296.435012,0.112641,185350.534055,20878.0,1312.18863,True,476439.70136,0.112641,0.112641,45666,25680.494141,3146.502441,2779.199219,1263.456055
447,PVHf,"Paraventricular hypothalamic nucleus, descending division, forniceal part",172695.652174,113565.217391,16347.826087,42782.608696,0.0,59130.434783,0.00575,132173.913043,760.0,19.313208,True,122266.938279,0.00575,0.00575,993,28610.6875,0.0,8597.878906,51.813419
448,ORBl1,"Orbital area, lateral part, layer 1",85896.023366,45992.001797,10165.805437,21711.974837,8026.241294,39904.021568,0.347734,65273.002322,22697.666667,2275.036776,True,25459.997167,0.347734,0.347734,29869,25459.996094,2537.096191,1629.612427,3059.970703
449,vhc,ventral hippocampal commissure,123519.643355,0.0,15888.548342,71823.906381,35807.188632,123519.643355,0.224312,,,,,,,0.224312,27707,,,,
450,SSp-ul1,"Primary somatosensory area, upper limb, layer 1",84072.317852,42065.605716,9008.985601,5735.19541,27262.531125,42006.712136,0.577313,118428.061059,68370.0,1876.20921,True,13816.380999,0.577313,0.577313,48536,13816.379883,155.490707,746.949402,1440.818359
451,BLAv,"Basolateral amygdalar nucleus, ventral part",123299.185974,66981.590482,8640.200376,34284.283031,13393.112085,56317.595491,0.249531,68521.81173,17098.333333,900.556124,True,43544.995405,0.249531,0.249531,30767,33430.171875,576.131775,7271.410156,1399.171143
452,MEPO,Median preoptic nucleus,156637.837838,82832.432432,11929.72973,50475.675676,11400.0,73805.405405,0.185,145072.072072,26838.333333,1243.203255,True,81572.475797,0.185,0.185,28978,26069.021484,180.960388,2060.613281,60.589832
453,SS,Somatosensory areas,162455.945815,77990.824531,9794.706874,38758.120996,35912.293413,84465.121283,37.177937,,,,,64140.782487,37.177937,37.177937,6039777,15972.227539,4895.664551,4571.692871,1995.312134
454,CA2sr,"Field CA2, stratum radiatum",104930.512685,62419.634119,10648.196943,11833.471354,20029.210269,42510.878567,0.207547,61571.632914,12779.0,1904.197469,True,50244.899013,0.207547,0.207547,21778,12553.8125,638.950317,905.016663,592.139343
455,PVHlp,"Paraventricular hypothalamic nucleus, descending division, lateral parvicellular part",181641.618497,111315.606936,14982.65896,49683.236994,5660.115607,70326.011561,0.027031,115853.564547,3131.666667,62.428626,True,114656.535758,0.027031,0.027031,4910,78967.085938,34.468571,24190.349609,5.438701
456,AUDpo6b,"Posterior auditory area, layer 6b",190750.542299,99956.616052,1388.286334,64000.0,25405.639913,90793.926247,0.007203,291910.339841,2102.666667,305.257815,True,95603.364698,0.007203,0.007203,1374,18912.607422,2726.739258,7208.583984,1080.682861
458,OT1,"Olfactory tubercle, molecular layer",72433.310297,42082.9302,15473.393227,13843.123704,1033.863165,30350.380097,1.447,90028.795208,130271.666667,15725.55698,True,23298.917168,1.447,1.447,104811,9925.168945,116.746666,2540.119629,70.968109
460,MEV,Midbrain trigeminal nucleus,156907.085437,79506.449804,12945.97121,49654.140961,14800.523462,77400.635633,0.083578,146429.86228,12238.333333,288.390938,True,76677.099572,0.083578,0.083578,13114,22642.955078,2210.29541,14597.082031,63.841537
461,SSp-tr6b,"Primary somatosensory area, trunk, layer 6b",177930.988938,71153.376259,6936.767377,85280.501899,14560.343404,106777.61268,0.189281,134561.66419,25470.0,551.758099,True,61011.71932,0.189281,0.189281,33679,3562.615723,2740.236328,0.0,822.378723
463,CA3,Field CA3,200826.312426,135494.223764,15324.862109,29962.759989,20044.466563,65332.088662,5.305953,,,,,173072.585735,5.305953,5.305953,1065575,5293.442383,1369.532227,2648.568604,378.872406
464,PVHmpv,"Paraventricular hypothalamic nucleus, descending division, medial parvicellular part, ventral zone",248757.894737,174652.631579,22400.0,37726.315789,13978.947368,74105.263158,0.005938,118961.403509,706.333333,9.073772,True,224379.945267,0.005938,0.005937,1477,63537.0625,25.672228,6338.059082,27.777639
465,OT2,"Olfactory tubercle, pyramidal layer",135896.216216,80919.115479,20605.012285,31572.285012,2799.80344,54977.100737,1.271875,142810.941851,181637.666667,845.654973,True,68371.992074,1.271875,1.271875,172843,16170.209961,384.666626,5143.209961,162.138931
466,alv,alveus,111203.522051,0.0,9004.711516,78447.207847,23751.602688,111203.522051,1.618375,,,,,,,1.618375,179969,,,,
467,MEZ,Hypothalamic medial zone,172298.900505,103819.215584,11493.904028,49421.408782,7564.37211,68479.684921,3.237281,,,,,107401.940639,3.237281,3.237281,557780,27544.224609,965.621216,5310.479004,59.588528
468,ENTm2a,"Entorhinal area, medial part, dorsal zone, layer 2a",160635.761589,120310.312204,27489.120151,1271.523179,11564.806055,40325.449385,0.016516,62284.452854,1028.666667,747.557579,True,125759.530509,0.016516,0.016516,2653,11085.195312,71.932922,9600.696289,1412.567383
469,VISpm6b,"posteromedial visual area, layer 6b",174018.348624,90935.779816,6605.504587,48000.0,28477.06422,83082.568807,0.013625,251376.146789,3425.0,488.089131,True,80724.928002,0.013625,0.013625,2371,15962.008789,6464.388184,8215.535156,1142.499146
470,STN,Subthalamic nucleus,176321.049821,93560.99794,10683.756771,71656.366827,419.928283,82760.051881,0.204797,162116.731518,33201.0,1933.294856,True,99478.520604,0.204797,0.204797,36110,4220.814453,448.040924,3758.679688,14.093912
471,CA3slm,"Field CA3, stratum lacunosum-moleculare",79358.878914,40765.49157,11645.281366,11350.996278,15597.1097,38593.387344,0.071359,58511.349537,4175.333333,338.711283,True,10118.46558,0.071359,0.071359,5663,4941.092285,63.244209,155.977386,141.797684
472,MEApd-a,"Medial amygdalar nucleus, posterodorsal part, sublayer a",178797.294528,123002.25456,31022.750564,24772.289404,0.0,55795.039967,0.152469,127569.310651,19450.333333,1313.471862,True,133338.695787,0.152469,0.152469,27261,49200.96875,1575.043091,21154.525391,638.517395
473,OT3,"Olfactory tubercle, polymorph layer",100485.786584,50804.504491,12823.297868,33900.291519,2957.692706,49681.282093,1.055891,99795.689855,105373.333333,6614.248433,True,26430.988851,1.055891,1.055891,106102,22932.472656,614.314819,6860.352539,209.667953
475,MG,Medial geniculate complex,153954.695147,81329.524572,15571.186842,45990.429577,11063.554157,72625.170576,0.858766,,,,,70334.488389,0.858766,0.858766,132211,3950.891113,81.163231,230.882538,4.671615
477,STR,Striatum,121005.187435,64425.936654,11005.869432,32114.892223,13458.489126,56579.250782,41.834859,,,,,41158.008662,41.834859,41.834859,5062235,33511.230469,407.760712,5858.483398,65.551453
478,SSp-ll6a,"Primary somatosensory area, lower limb, layer 6a",166353.918947,72405.184118,9653.322362,60288.500309,24006.912158,93948.734828,0.759531,148102.749777,112488.666667,5775.524767,True,56244.536026,0.759531,0.759531,126351,13142.551758,3778.421143,5515.756836,919.626099
479,CA3slu,"Field CA3, stratum lucidum",204532.914266,134995.634713,16530.818928,28806.705081,24199.755544,69537.279553,0.357938,137820.150166,49331.0,4168.724385,True,165488.008585,0.357938,0.357937,73210,3801.474365,770.995483,2542.618164,487.861023
480,MEApd-b,"Medial amygdalar nucleus, posterodorsal part, sublayer b",166163.297289,107509.167842,24663.218931,33990.910516,0.0,58654.129447,0.099703,122349.892911,12198.666667,257.864952,True,107789.096198,0.099703,0.099703,16567,45371.144531,699.424927,17185.148438,863.323669
481,isl,Islands of Calleja,213519.958287,155048.259081,20644.922079,29947.743468,7879.03366,58471.699206,0.269703,128727.960914,34718.333333,575.195909,True,193051.995996,0.269703,0.269703,57587,19789.300781,51.433796,1023.086853,121.95031
482,bic,brachium of the inferior colliculus,105385.910501,0.0,23951.558115,72530.497711,8903.854674,105385.910501,0.423187,,,,,,,0.423187,44598,,,,
483,MH,Medial habenula,446696.313298,292787.835318,27349.878066,69485.58313,57073.016784,153908.47798,0.217844,414515.75575,90299.666667,19879.08052,True,473923.716767,0.217844,0.217844,97310,0.0,0.0,0.0,0.0
484,ORBm1,"Orbital area, medial part, layer 1",91146.608315,52844.63895,6984.682713,6214.442013,25102.844639,38301.969365,0.2285,126005.835157,28792.333333,3898.468588,True,30018.803553,0.2285,0.2285,20827,30018.804688,332.464569,2041.025391,3943.12085
485,STRd,Striatum dorsal region,117658.695262,59872.852894,9707.386541,30638.782234,17439.673593,57785.842368,24.555219,,,,,32721.702622,24.555219,24.555219,2889135,32721.689453,462.6091,2525.657715,22.749102
486,CA3so,"Field CA3, stratum oriens",117535.338387,59906.837239,11615.241823,31169.252997,14844.006328,57628.501148,1.708703,81614.138403,139454.333333,3642.009381,True,49767.158854,1.708703,1.708703,200833,4810.874512,1451.415283,2907.578125,213.539932
487,MEApd-c,"Medial amygdalar nucleus, posterodorsal part, sublayer c",159066.923571,101380.603725,24416.184971,33237.251124,32.883751,57686.319846,0.121641,99613.102119,12117.0,679.834539,True,95909.519957,0.121641,0.121641,19349,30161.132812,1121.282715,12723.0,788.988831
488,ORBl6b,"Orbital area, lateral part, layer 6b",153904.761905,57904.761905,4571.428571,74666.666667,16761.904762,96000.0,0.000656,92444.444444,60.666667,2.886751,True,24127.023964,0.000656,0.000656,101,0.0,0.0,0.0,0.0
489,islm,Major island of Calleja,317063.222298,249930.659415,20252.889191,28584.636302,18295.03739,67132.562882,0.045969,412048.039882,18941.333333,1995.894369,True,344855.864191,0.045969,0.045969,14575,55299.34375,1416.053589,5812.137207,0.0
491,MM,Medial mammillary nucleus,181124.321931,110308.424665,17103.509355,43564.116757,10148.271154,70815.897266,0.423422,,69893.333333,2833.865264,False,120598.911026,0.423422,0.423422,76692,7300.278809,4949.969238,108.609703,13.299228
493,STRv,Striatum ventral region,118848.014874,66122.181233,13268.451081,33631.125674,5826.256886,52725.833642,9.546781,,,,,46937.913042,9.546781,9.546781,1134616,31280.265625,404.872711,5354.061523,88.904243
494,SCig-a,"Superior colliculus, motor related, intermediate gray layer, sublayer a",175804.979493,83245.104269,12168.909942,45864.017099,34526.948183,92559.875224,0.540969,175881.385631,95146.333333,4490.265285,True,78665.778025,0.540969,0.540969,95105,47441.203125,2865.650146,9969.285156,23.999769
495,CA3sp,"Field CA3, pyramidal layer",405921.074562,307538.840139,22300.073533,45336.183146,30745.977744,98382.234423,1.593672,173759.942481,276916.333333,5838.985043,True,460207.712026,1.593672,1.593672,646905,6659.621582,2236.640869,3579.710938,527.085144
496,DP1,"Dorsal peduncular area, layer 1",69839.416058,38879.893829,4076.974121,6412.740544,20469.807565,30959.52223,0.094187,56139.792081,5287.666667,585.01396,True,12308.430288,0.094187,0.094187,6578,12308.429688,174.401215,936.077393,2105.89624
498,BSTam,"Bed nuclei of the stria terminalis, anterior division, anteromedial area",115705.805048,60128.155164,9028.504101,38692.346037,7856.799746,55577.649884,0.344797,146025.105361,50349.0,2327.746335,True,32375.744201,0.344797,0.344797,39895,32375.746094,62.230011,10144.685547,154.787369
500,MO,Somatomotor areas,141631.104154,65467.262501,10735.818221,34700.146852,30727.87658,76163.841653,22.248234,,,,,44291.678125,22.248234,22.248234,3151042,15227.253906,3625.457764,3059.801758,2184.002441
501,VISpm4,"posteromedial visual area, layer 4",216405.976578,148494.817607,14783.147126,19728.09261,33399.919235,67911.158972,0.116078,136726.881141,15871.0,1576.232216,True,181374.381235,0.116078,0.116078,25120,17041.853516,5954.299316,6263.072754,4824.48584
502,SUB,Subiculum,153879.261942,83717.741145,12373.806122,37685.53205,20102.182625,70161.520797,5.259578,,,,,82009.92767,5.259578,5.259578,809340,22060.349609,2759.103516,6495.736328,1374.613403
503,SCig-b,"Superior colliculus, motor related, intermediate gray layer, sublayer b",151414.465697,69066.717026,9837.321607,43208.24453,29302.182534,82347.748671,1.158344,178748.896143,207052.666667,13568.604288,True,52356.734501,1.158344,1.158344,175390,32619.84375,2639.52832,10024.895508,14.719998
504,CA3sr,"Field CA3, stratum radiatum",88271.393692,47779.264347,12182.702424,14196.95496,14112.471961,40492.129345,1.574281,64176.588523,101032.0,4213.145262,True,25345.67982,1.574281,1.574281,138964,4789.396973,598.167175,1561.905151,394.249603
505,BSTdm,"Bed nuclei of the stria terminalis, anterior division, dorsomedial nucleus",108059.742966,43237.235151,3467.870788,61354.637027,0.0,64822.507815,0.044984,81220.794257,3653.666667,21.93931,True,18278.89253,0.044984,0.044984,4861,18278.890625,58.419319,4389.902832,44.701035
507,MOB,Main olfactory bulb,291546.333945,249134.161694,6280.633412,13159.367277,22972.171562,42412.172251,18.145781,,224050.333333,55882.282884,False,328454.345498,18.145781,18.145781,5290336,88059.570312,726.600159,6629.441895,3760.012695
508,ENTm2b,"Entorhinal area, medial part, dorsal zone, layer 2b",171629.62963,121111.111111,30888.888889,2592.592593,17037.037037,50518.518519,0.0135,36148.148148,488.0,311.236245,True,124765.132235,0.0135,0.0135,2317,14839.657227,65.457695,12578.788086,2194.313477
509,SUBd,"Subiculum, dorsal part",151036.774052,74802.71751,13186.412448,38512.908174,24534.735919,76234.056542,1.425938,,,,,68258.948616,1.425938,1.425938,215369,19148.318359,3866.736816,3787.097168,1144.822144
510,SSp-ll6b,"Primary somatosensory area, lower limb, layer 6b",146388.351673,58679.115261,5093.253307,69904.190286,12711.79282,87709.236412,0.140578,218213.182172,30676.0,1728.462033,True,34958.186183,0.140578,0.140578,20579,10213.803711,3778.424805,5515.687988,919.690979
511,SCig-c,"Superior colliculus, motor related, intermediate gray layer, sublayer c",161381.916329,78589.293747,10349.977508,46322.986955,26119.65812,82792.622582,0.277875,194653.471285,54089.333333,4708.924435,True,69510.559259,0.277875,0.277875,44844,42239.289062,1071.018677,7063.495117,35.690052
512,CB,Cerebellum,979337.75697,832009.053837,28760.826924,60279.166984,58288.709224,147328.703132,47.604125,,1670234.0,298142.848462,False,887244.479761,47.604125,47.604125,46620517,114983.9375,33068.125,986.794922,92.978485
513,BSTfu,"Bed nuclei of the stria terminalis, anterior division, fusiform nucleus",113526.37486,58217.732884,9732.8844,45575.757576,0.0,55308.641975,0.027844,98406.285073,2740.0,91.820477,True,28524.517945,0.027844,0.027844,3161,28524.515625,167.549057,5675.669922,199.692932
514,dc,dorsal column,121057.706355,0.0,4745.069394,34991.964938,81320.672023,121057.706355,0.042781,,,,,,,0.042781,5179,,,,
515,MPN,Medial preoptic nucleus,151933.373959,78486.559686,10205.159456,57434.89742,5806.757397,73446.814273,0.230766,,1736.666667,4.50925,False,63475.221011,0.230766,0.230766,35061,44903.023438,60.203281,4058.548096,311.002777
518,SUBv,"Subiculum, ventral part",154936.536337,87033.718764,12071.554047,37377.786292,18453.477235,67902.817573,3.833641,,,,,87124.657664,3.833641,3.833641,593971,23143.488281,2347.115234,7503.226074,1460.085449
519,CBN,Cerebellar nuclei,308100.054702,183068.675717,16373.166244,72860.510219,35797.702521,125031.378985,1.256813,,,,,105776.194268,1.256813,1.256812,387224,23298.931641,9514.71875,438.454529,7.101408
520,AUDv6a,"Ventral auditory area, layer 6a",223022.504562,129040.210854,3226.599986,68924.2414,21831.452321,93982.293708,0.462406,131396.724561,60758.666667,2198.547323,True,154460.210588,0.462406,0.462406,103127,14245.895508,2511.337891,5486.670898,532.303162
521,BSTmg,"Bed nuclei of the stria terminalis, anterior division, magnocellular nucleus",136616.228571,81510.4,8718.628571,46387.2,0.0,55105.828571,0.068359,84762.819048,5794.333333,202.134444,True,63702.946566,0.068359,0.068359,9339,63702.953125,26.325489,2387.451416,60.332928
523,MPO,Medial preoptic area,115927.61149,53065.953593,6876.425429,52906.961097,3078.271371,62861.657897,0.905703,107057.15518,96962.0,2962.378099,True,28788.211117,0.905703,0.905703,104996,28788.210938,118.162308,3108.04126,95.750496
524,ORBm2,"Orbital area, medial part, layer 2",180260.292165,115346.613546,13683.930943,17391.766268,33837.981408,64913.678619,0.094125,205230.633023,19317.333333,2604.157509,True,118449.987961,0.094125,0.094125,16967,13200.257812,638.142151,3695.341309,4493.929688
525,SUM,Supramammillary nucleus,152481.484064,85526.74524,8797.266197,47677.52284,10479.949787,66954.738824,0.224047,,,,,79603.866945,0.224047,0.224047,34163,3325.618896,780.846924,1239.472534,12.756538
526,ENTm1,"Entorhinal area, medial part, dorsal zone, layer 1",83919.576876,58111.05173,18659.934025,1813.98006,5334.611061,25808.525146,0.847859,51315.113429,43508.0,8367.844227,True,37830.113652,0.847859,0.847859,71152,10229.53125,396.365082,1547.337402,582.75415
527,AUDd1,"Dorsal auditory area, layer 1",98974.420947,54448.338369,2130.110775,3009.869084,39386.102719,44526.082578,0.310312,129772.406848,40270.0,594.774747,True,28390.619784,0.310312,0.310313,30713,28390.619141,75.046944,321.972046,1374.977295
528,CBX,Cerebellar cortex,998695.984004,882042.455609,23797.910435,45114.735003,47740.882957,116653.528395,44.642953,,,,,943117.632901,44.642953,44.642953,44584738,121954.90625,34993.671875,1039.90564,98.945839
529,BSTv,"Bed nuclei of the stria terminalis, anterior division, ventral nucleus",126497.652582,68015.364917,8645.326504,49836.961161,0.0,58482.287665,0.073219,126452.126903,9258.666667,211.672703,True,44135.635174,0.073219,0.073219,9262,44135.636719,30.351116,1471.111572,53.064281
530,df,dorsal fornix,97813.924831,0.0,8668.720476,77946.190183,11199.014171,97813.924831,0.152156,,,,,,,0.152156,14883,,,,
531,MPT,Medial pretectal area,174601.105963,94158.72067,16078.911971,56883.574951,7479.898371,80442.385294,0.104547,182473.172919,19077.0,1407.189042,True,96335.237458,0.104547,0.104547,18254,79316.132812,203.868286,11689.735352,14.191925
532,PTLp1,"Posterior parietal association areas, layer 1",98908.732845,52122.838329,7103.45252,9643.916549,30038.525448,46785.894517,0.507781,132522.288551,67292.333333,2844.869827,True,30398.34951,0.507781,0.507781,50224,30398.349609,120.216957,512.393921,1602.292114
533,VISpm,posteromedial visual area,202918.869178,143204.948622,12591.585297,15634.374521,31487.960738,59713.920556,1.222562,,,,,161663.413644,1.222562,1.222563,248081,26611.376953,3294.46167,5128.118164,3516.142822
534,SUT,Supratrigeminal nucleus,108917.027133,44250.098309,8695.24184,39556.429414,16415.25757,64666.928824,0.158938,88617.643204,14084.666667,242.392932,True,19735.710113,0.158938,0.158938,17311,19735.710938,4429.442383,2988.67627,1416.082886
536,CEA,Central amygdalar nucleus,146074.318745,84211.589838,13157.818041,45456.258804,3248.652062,61862.728907,1.286687,,,,,71906.182789,1.286687,1.286687,187952,53139.890625,120.709732,24422.763672,151.4142
537,BSTal,"Bed nuclei of the stria terminalis, anterior division, anterolateral area",110529.829919,51682.586488,7225.317256,46391.659207,5230.266969,58847.243431,0.296734,116805.925614,34660.333333,801.149383,True,25118.621613,0.296734,0.296734,32798,25118.621094,59.923634,17739.878906,108.307083
538,lotd,dorsal limb,369460.721868,0.0,3872.611465,0.0,365588.110403,369460.721868,0.014719,,,,,,,0.014719,5438,,,,
540,PERI1,"Perirhinal area, layer 1",73061.322338,46000.095891,960.444935,8723.785779,17376.995733,27061.226447,0.325891,88134.886769,28722.333333,2949.244197,True,23279.724788,0.325891,0.325891,23810,23279.722656,62.957138,565.877808,1135.099854
541,TEa,Temporal association areas,170304.579909,102983.897273,3717.216847,29011.230226,34592.235564,67320.682636,3.860953,,,,,100077.974665,3.860953,3.860953,657538,17618.070312,2275.522461,5695.871582,2839.053467
542,RSPv1,"Retrosplenial area, ventral part, layer 1",158527.20609,90338.877925,13263.039188,17896.814209,37028.474767,68188.328165,0.88675,144929.235974,128516.0,6036.955276,True,87755.807532,0.88675,0.88675,140574,87755.796875,686.663574,1230.401367,2269.81665
543,ENTm2,"Entorhinal area, medial part, dorsal zone, layer 2",178382.684482,122512.046674,22829.978031,14595.743148,18444.916628,55870.637808,0.867719,66779.318376,57945.666667,5610.288436,True,125601.172206,0.867719,0.867719,154786,14798.970703,2875.746338,7318.19043,1997.955078
544,CEAc,"Central amygdalar nucleus, capsular part",133955.001907,72149.485191,10773.102835,46741.070294,4291.343587,61805.516715,0.491687,103291.894411,50787.333333,2941.583304,True,52573.585144,0.491687,0.491687,65864,49915.511719,75.086197,21088.214844,172.671204
546,BSTju,"Bed nuclei of the stria terminalis, anterior division, juxtacapsular nucleus",124958.677686,58578.512397,10181.818182,52429.752066,3768.595041,66380.165289,0.015125,127889.807163,1934.333333,64.809979,True,31530.518724,0.015125,0.015125,1890,26196.390625,19.263683,26033.248047,143.878815
549,TH,Thalamus,152204.777056,78611.084442,10136.022597,43837.763973,19619.906044,73593.692614,19.952797,,297628.333333,10070.889153,False,68309.84727,19.952797,19.952797,3036911,12931.165039,1965.153442,4224.677246,3.75113
551,CEAl,"Central amygdalar nucleus, lateral part",173478.061458,111919.278398,19720.532029,33707.384192,8130.86684,61558.783061,0.204406,111733.374102,22839.0,1012.669245,True,114611.158628,0.204406,0.204406,35460,38814.859375,164.85585,28229.660156,308.118774
554,BSTov,"Bed nuclei of the stria terminalis, anterior division, oval nucleus",136330.318521,68139.992135,9991.348801,48748.721982,9450.255604,68190.326386,0.079469,151598.374623,12047.333333,266.593948,True,44578.807642,0.079469,0.079469,10834,44578.808594,351.140076,16438.121094,197.325302
556,ILA2/3,"Infralimbic area, layer 2/3",166874.584428,103492.638445,12024.696831,28150.840642,23206.408511,63381.945984,0.493484,101348.024781,50013.666667,3858.136381,True,95411.437337,0.493484,0.493484,82350,23239.986328,5386.670898,4700.123535,2554.058838
557,TM,Tuberomammillary nucleus,209146.684528,145982.585399,23791.024782,31078.365707,8294.70864,63164.099129,0.046656,,,,,178280.798728,0.046656,0.046656,9758,14386.523438,221.263077,5560.898438,8.549198
558,SSp-n1,"Primary somatosensory area, nose, layer 1",66710.079175,37775.998577,3319.277644,1224.090383,24390.71257,28934.080598,0.175641,87420.929336,15354.666667,1149.469588,True,9405.354763,0.175641,0.175641,11717,9405.353516,267.076782,868.603394,1350.823364
559,CEAm,"Central amygdalar nucleus, medial part",146679.506852,84663.950474,12871.792158,48452.934018,690.830203,62015.556379,0.590594,90461.5059,53426.0,2167.128746,True,73220.84729,0.590594,0.590594,86628,60782.226562,143.41362,25881.296875,79.481178
560,CNspg,"Cochlear nucleus, subpedunclular granular region",209984.408221,97247.34231,20569.808646,64136.073707,28031.183558,112737.065911,0.044094,233321.048901,10288.0,659.068282,True,119756.583153,0.044094,0.044094,9259,14305.604492,7245.260254,1912.49292,22.217611
562,BSTrh,"Bed nuclei of the stria terminalis, anterior division, rhomboid nucleus",116985.376828,61372.328459,11446.569179,43644.544432,521.934758,55613.048369,0.055563,118593.175853,6589.333333,110.942928,True,33550.408192,0.055563,0.055562,6500,33550.40625,2.68049,30257.541016,215.464996
564,MS,Medial septal nucleus,128994.818653,55323.652956,5384.848291,52635.322715,15650.994691,73671.165697,0.732797,104451.864645,76542.0,3103.622561,True,32539.000728,0.732797,0.732797,94527,32539.0,1272.846558,8556.037109,17.665424
565,VISpm5,"posteromedial visual area, layer 5",230273.718827,164126.938887,13943.546177,19306.988216,32896.245547,66146.77994,0.285078,122482.214305,34917.0,1969.926648,True,191932.748157,0.285078,0.285078,65646,15264.674805,3745.796387,8807.352539,2711.521973
566,TR,Postpiriform transition area,147642.392958,104305.902763,9994.567922,22200.645593,11141.27668,43336.490195,1.098797,,,,,111028.55701,1.098797,1.098797,162229,16291.555664,502.811584,4452.623535,2178.227539
567,CH,Cerebrum,160286.591302,94564.218697,10005.391872,32256.018628,23460.962106,65722.372605,267.984406,,,,,91788.339167,267.984406,267.984406,42954307,24867.5625,2432.281982,5223.492188,1607.107056
569,BSTd,"Bed nuclei of the stria terminalis, posterior division, dorsal nucleus",147708.609272,101298.013245,28397.350993,16953.642384,1059.602649,46410.596027,0.004719,166357.615894,785.0,116.807534,True,86537.834983,0.004719,0.004719,697,25473.072266,196.334961,11669.680664,0.0
571,MTN,Midline group of the dorsal thalamus,166583.179536,97642.742991,8223.942921,32603.449876,28113.043747,68940.436544,1.515453,,,,,95876.254235,1.515453,1.515453,252449,7714.203125,98.818245,1757.839233,0.29515
573,VISl4,"Lateral visual area, layer 4",180479.22938,95922.937989,11462.974112,23118.603251,49974.714028,84556.291391,0.103813,98546.257275,10230.333333,858.184906,True,81503.081047,0.103813,0.103812,18736,18415.267578,7719.252441,6423.039551,3797.019531
574,TRN,Tegmental reticular nucleus,127050.337039,58128.337565,9836.995535,54055.151887,5029.852053,68921.999475,0.713938,72066.999329,51451.333333,1906.150134,True,40218.096074,0.713938,0.713938,90706,15245.707031,7587.641113,7657.128418,0.919659
575,CL,Central lateral nucleus of the thalamus,146173.754758,76670.086602,11956.975012,32711.346462,24835.346682,69503.668156,0.283266,108829.53647,30827.666667,2568.023429,True,60730.169323,0.283266,0.283266,41406,1268.700317,563.530396,701.034668,4.135474
576,ACVII,Accessory facial motor nucleus,111349.593496,57012.775842,9886.178862,44450.638792,0.0,54336.817654,0.013453,101091.753775,1360.0,86.712168,True,36988.557572,0.013453,0.013453,1498,15149.188477,448.186768,2240.828857,13.204218
577,SSp-ul4,"Primary somatosensory area, upper limb, layer 4",171422.371704,73611.804275,14904.632744,44642.725399,38263.209287,97810.56743,0.576063,210686.051137,121368.333333,7200.385013,True,58104.584783,0.576063,0.576063,98750,16861.765625,10357.217773,4453.685547,2050.861572
578,BSTpr,"Bed nuclei of the stria terminalis, posterior division, principal nucleus",152289.985052,89222.720478,13677.130045,49273.542601,116.591928,63067.264574,0.3345,170864.972596,57154.333333,681.006853,True,81467.167783,0.3345,0.3345,50941,73902.257812,127.592361,20429.025391,69.268982
579,ec,external capsule,117728.16109,0.0,8536.807818,81872.431152,27318.92212,117728.16109,2.110625,,,,,,,2.110625,248480,,,,
580,NB,Nucleus of the brachium of the inferior colliculus,132948.242812,57775.846645,8309.776358,61480.894569,5381.72524,75172.396166,0.122266,117424.664537,14357.0,1594.55417,True,37374.535535,0.122266,0.122266,16255,34783.304688,506.230103,6637.931152,0.0
581,TRS,Triangular nucleus of septum,173630.072193,77202.555805,5751.555887,74701.186624,15974.773878,96427.516389,0.188297,301104.306697,56697.0,2950.283546,True,79569.443556,0.188297,0.188297,32694,18072.654297,1714.954956,3378.794434,9.609587
582,ORBm2/3,"Orbital area, medial part, layer 2/3",172075.680482,102071.827298,8703.848244,24290.47078,37009.53416,70003.853184,0.316297,203413.328064,64339.0,8613.722947,True,93180.489062,0.316297,0.316297,54427,13437.568359,1875.983154,5436.859863,1905.250366
583,CLA,Claustrum,147921.813718,76580.21109,8942.571984,46239.341858,16159.688785,71341.602628,0.980031,132965.828045,130310.666667,866.511589,True,62387.20595,0.980031,0.980031,144968,29059.404297,906.051636,5261.312988,882.460876
585,BSTif,"Bed nuclei of the stria terminalis, posterior division, interfascicular nucleus",128497.249725,69619.361936,8704.070407,50173.817382,0.0,58877.887789,0.22725,124658.599193,28328.666667,233.857506,True,48821.672192,0.22725,0.22725,29201,48821.667969,199.227478,9878.933594,37.393688
587,ND,Nucleus of Darkschewitsch,215380.292106,120545.757072,13606.951377,43897.208356,37330.3753,94834.535034,0.084516,203591.544956,17206.666667,902.563202,True,151403.057278,0.084516,0.084516,18203,62594.1875,14913.658203,19799.439453,26.821381
588,ACAv1,"Anterior cingulate area, ventral part, layer 1",99036.022945,52065.162524,9929.17782,9984.244742,27057.437859,46970.860421,0.817187,93871.969407,76711.0,2505.688528,True,31637.500509,0.817187,0.817187,80931,31637.498047,664.143127,1172.150635,2892.411377
589,TT,Taenia tecta,132717.203846,76820.644975,10515.673854,37243.420045,8137.464971,55896.55887,1.734078,,,,,71851.769005,1.734078,1.734078,230142,34070.726562,247.288559,4689.108398,1502.916016
590,RSPv6a,"Retrosplenial area, ventral part, layer 6a",190350.81772,91341.2433,8080.260204,45702.139356,45227.174859,99009.574419,0.682156,203990.898957,139153.666667,5776.823897,True,89938.41371,0.682156,0.682156,129849,15120.297852,6966.209961,7115.635742,888.88092
591,CLI,Central linear nucleus raphe,103690.482914,41588.251906,5566.789043,55821.519345,713.922621,62102.231008,0.110656,91098.93627,10080.666667,439.322585,True,19329.373833,0.110656,0.110656,11474,19329.373047,148.278305,4255.013184,267.888733
593,VISp1,"Primary visual area, layer 1",104585.705732,63579.627311,7848.892276,4627.583329,28529.602816,41006.078421,0.861141,149938.344855,129118.0,12787.146711,True,43201.166903,0.861141,0.861141,90063,43201.167969,46.984596,361.723724,1189.470093
594,BSTtr,"Bed nuclei of the stria terminalis, posterior division, transverse nucleus",121350.954479,56387.665198,7212.922173,57750.367107,0.0,64963.289281,0.042563,162114.537445,6900.0,57.419509,True,35247.6914,0.042563,0.042562,5165,35247.6875,6.181664,11846.142578,12.641017
595,fr,fasciculus retroflexus,109841.840783,0.0,9203.914308,63826.500926,36811.425549,109841.840783,0.236312,,,,,,,0.236312,25957,,,,
596,NDB,Diagonal band nucleus,106644.277556,52806.607695,10124.82111,36068.857419,7643.991331,53837.669861,1.146391,127287.619203,145921.333333,10336.098748,True,27565.851556,1.146391,1.146391,122256,27565.853516,1061.468262,11564.722656,59.965088
597,TTd,"Taenia tecta, dorsal part",139387.518178,80971.10114,10210.980324,37310.330255,10895.10646,58416.417039,1.257078,,,,,76459.22416,1.257078,1.257078,175221,33667.808594,260.480865,5841.328125,1644.524902
598,AUDv6b,"Ventral auditory area, layer 6b",183435.294118,90506.951872,3448.128342,72290.909091,17189.304813,92928.342246,0.116875,160464.884135,18754.333333,654.194416,True,88175.420564,0.116875,0.116875,21439,8530.299805,2511.307373,5486.667969,532.324036
599,CM,Central medial nucleus of the thalamus,172350.966107,99717.453278,9773.83592,30104.529617,32755.147292,72633.512829,0.394625,93778.481681,37007.333333,386.355191,True,99869.332663,0.394625,0.394625,68014,187.195068,115.029221,65.089188,7.076658
600,AUDd2/3,"Dorsal auditory area, layer 2/3",188063.327655,108844.338444,5470.346394,19161.476434,54587.166383,79218.989211,0.687891,128377.967064,88310.0,4396.743454,True,106603.846837,0.687891,0.687891,129367,13693.075195,3118.536865,2880.507812,4326.520508
601,VISal6a,"Anterolateral visual area, layer 6a",209382.56088,104537.313433,7566.378633,66689.709348,30589.159466,104845.247447,0.31825,215006.022519,68425.666667,1427.970705,True,117801.792315,0.31825,0.31825,66636,14094.103516,2849.63501,4694.0,866.273682
602,BSTse,"Bed nuclei of the stria terminalis, posterior division, strial extension",146437.941473,86119.071645,11624.621594,47499.495459,1194.752775,60318.869828,0.030969,158385.469223,4905.0,521.148731,True,73175.970977,0.030969,0.030969,4535,73175.96875,5527.259766,7626.630371,69.474831
603,fi,fimbria,114392.543347,0.0,14470.717937,78956.068553,20965.756857,114392.543347,1.870812,,,,,,,1.870812,214007,,,,
604,NI,Nucleus incertus,127984.21507,52666.420027,10433.838944,40259.464792,24624.491306,75317.795043,0.126703,209960.619887,26602.666667,2001.815759,True,30060.291711,0.126703,0.126703,16216,23521.326172,726.779297,8111.016602,31.574852
605,TTv,"Taenia tecta, ventral part",115138.36478,65882.599581,11318.658281,37067.085954,870.020964,49255.765199,0.477,,,,,59709.355824,0.477,0.477,54921,35132.566406,212.521744,1652.568115,1129.722534
606,RSPv2,"Retrosplenial area, ventral part, layer 2",311219.381609,207048.409405,17289.965645,29080.265917,57800.740642,104170.972204,0.350203,358384.390012,125507.333333,8351.449954,True,289074.904983,0.350203,0.350203,108990,15564.926758,2087.193604,3080.653564,6530.209961
607,CN,Cochlear nuclei,148447.276328,61472.322155,15953.417702,52568.045249,18453.491222,86974.954173,1.593953,,,,,52262.627533,1.593953,1.593953,236618,17022.724609,8877.15918,6295.274902,11.144515
608,ORBvl6a,"Orbital area, ventrolateral part, layer 6a",161028.039505,81552.957203,11718.923828,53548.870473,14207.288001,79475.082302,0.275281,128504.938131,35375.0,1584.182123,True,69772.43386,0.275281,0.275281,44328,22480.689453,2354.415283,6210.604492,536.879211
609,SPA,Subparafascicular area,151353.282715,83623.046003,8803.930326,33600.714605,25325.591782,67730.236713,0.069969,110130.117612,7705.666667,839.737062,True,74362.5873,0.069969,0.069969,10590,1698.183472,20.444693,1672.071899,5.666934
610,RSPd5,"Retrosplenial area, dorsal part, layer 5",191534.725271,91228.686322,9584.209879,33513.266722,57208.562347,100306.038948,0.889797,149695.962913,133199.0,4830.060973,True,85842.367269,0.889797,0.889797,170427,20539.34375,8283.305664,7436.520508,1733.542603
611,hbc,habenular commissure,170560.0,0.0,42094.545455,82967.272727,45498.181818,170560.0,0.034375,,,,,,,0.034375,5863,,,,
612,NLL,Nucleus of the lateral lemniscus,108242.062996,39238.333185,10591.094851,52780.726332,5631.908629,69003.729812,0.875547,,,,,15844.895912,0.875547,0.875547,94771,14495.490234,6437.489746,4605.43457,8.695208
613,VISl5,"Lateral visual area, layer 5",169479.076845,79788.993152,10327.162059,38776.566066,40586.355567,89690.083693,0.246438,122906.078282,30288.666667,1724.445515,True,64484.723672,0.246438,0.246438,41766,20464.365234,8032.365234,8745.958008,1750.170776
614,TU,Tuberal nucleus,137660.896906,73694.787357,18800.728115,45057.355618,108.025815,63966.109548,0.472109,149083.391252,70383.666667,3321.294376,True,67071.569134,0.472109,0.472109,64991,16511.609375,41.762321,16448.921875,20.925417
616,CUN,Cuneiform nucleus,111734.544443,44682.547039,9369.543053,42793.215312,14889.23904,67051.997405,0.337156,121451.10761,40948.0,878.169118,True,17131.793957,0.337156,0.337156,37672,17131.792969,1256.875977,3729.843994,14.027762
617,MDc,"Mediodorsal nucleus of the thalamus, central part",145624.990658,75392.870488,5567.296914,32007.174352,32657.648905,70232.12017,0.209078,101343.297711,21188.666667,1872.120812,True,60545.394246,0.209078,0.209078,30447,1812.839966,199.507645,1198.211914,3.987534
618,hc,hippocampal commissures,106570.069964,0.0,7950.328619,73609.595057,25010.146288,106570.069964,1.031781,,,,,,,1.031781,109957,,,,
619,NLOT,Nucleus of the lateral olfactory tract,141185.682508,83421.314459,15898.402427,41865.965622,0.0,57764.368049,0.386328,,,,,81563.604872,0.386328,0.386328,54544,9895.192383,157.248901,4296.524902,831.617004
620,ORBm5,"Orbital area, medial part, layer 5",166655.528256,84847.174447,6702.702703,47650.12285,27455.528256,81808.353808,0.254375,189691.072891,48252.666667,5919.629746,True,71592.676404,0.254375,0.254375,42393,14901.583984,3433.775391,7364.213379,865.253357
621,V,Motor nucleus of trigeminal,115996.391352,50980.992378,10866.759994,41607.466169,12541.172811,65015.398973,0.502266,70962.451392,35642.0,1268.538135,True,33275.839311,0.502266,0.502266,58261,12556.786133,2331.495605,2106.05957,609.854919
622,RSPv6b,"Retrosplenial area, ventral part, layer 6b",152270.337922,61216.520651,5366.708385,52245.306633,33441.802253,91053.817272,0.049938,247128.911139,12341.0,515.040775,True,39938.667008,0.049938,0.049938,7604,16003.183594,6966.13623,7115.611328,888.792114
623,CNU,Cerebral nuclei,118555.333091,61940.192059,10637.707731,34170.268928,11807.164374,56615.141033,51.475187,,,,,38288.714544,51.475187,51.475188,6102658,31678.777344,638.748108,6038.34082,61.388206
625,SSp-ul5,"Primary somatosensory area, upper limb, layer 5",151549.04014,63689.354276,14337.172775,47465.968586,26056.544503,87859.685864,1.4325,121470.622455,174006.666667,7020.548863,True,41325.251133,1.4325,1.4325,217094,15511.922852,6397.317871,8042.359375,1072.24646
626,MDl,"Mediodorsal nucleus of the thalamus, lateral part",155194.746846,79998.341109,7666.286504,34493.865561,33036.253672,75196.405737,0.452109,116192.385231,52531.666667,3441.883399,True,70965.89617,0.452109,0.452109,70165,283.647614,163.668503,119.235992,0.743079
628,NOT,Nucleus of the optic tract,169134.105793,78431.435768,12367.959698,45493.198992,32841.511335,90702.670025,0.155078,167990.596138,26051.666667,1190.865372,True,72568.23015,0.155078,0.155078,26229,52899.316406,3419.290771,4802.126953,7.613647
629,VAL,Ventral anterior-lateral complex of the thalamus,135647.421409,67711.526608,12491.473187,43275.118143,12169.303472,67935.894802,1.21675,91362.235463,111165.0,3749.9932,True,50098.071712,1.21675,1.21675,165049,7008.151367,1636.038574,3466.376709,0.857949
630,ORBl5,"Orbital area, lateral part, layer 5",146941.159016,71267.677517,9497.166256,50923.118008,15253.197234,75673.481499,0.526578,116201.180974,61189.0,5371.081548,True,49259.29105,0.526578,0.526578,77376,12437.993164,5419.334961,6046.740234,796.650635
631,COA,Cortical amygdalar area,158435.71473,109296.225829,20267.661506,21814.835541,7056.991855,49139.488901,2.512969,,,,,114690.818775,2.512969,2.512969,398144,18727.113281,269.589294,7025.82959,1886.897949
632,DG-sg,"Dentate gyrus, granule cell layer",546870.387766,437188.159476,26691.250683,35526.116876,47464.860732,109682.228291,1.430469,492427.62789,704402.333333,27144.378688,True,673617.01566,1.430469,1.430469,782281,5402.437012,1332.534302,1225.153442,687.762085
633,cic,inferior colliculus commissure,95140.939597,0.0,11167.785235,63355.704698,20617.449664,95140.939597,0.004656,,,,,,,0.004656,443,,,,
634,NPC,Nucleus of the posterior commissure,144604.004815,67914.651494,5984.02451,44283.181967,26422.146843,76689.353321,0.285594,115009.519641,32846.0,1611.189312,True,50644.686764,0.285594,0.285594,41298,43837.003906,1559.312012,5966.293457,6.963015
635,PTLp4,"Posterior parietal association areas, layer 4",201453.814877,105452.284143,13136.76154,39603.157139,43261.612055,96001.530734,0.326641,134825.033883,44039.333333,2197.964816,True,109756.039361,0.326641,0.326641,65803,15963.68457,7029.754883,5730.026855,3203.901367
636,MDm,"Mediodorsal nucleus of the thalamus, medial part",143122.259273,72731.135834,6430.784667,28860.152861,35100.185912,70391.12344,0.529484,101458.455061,53720.666667,2549.58513,True,56510.810699,0.529484,0.529484,75781,841.541992,97.833534,742.15863,1.55
637,VENT,Ventral group of the dorsal thalamus,137830.090053,68859.174028,10078.303834,46850.122182,12042.490009,68970.916025,4.367203,,,,,51768.920323,4.367203,4.367203,601932,7210.743652,735.857971,2674.411865,0.947802
638,GU6a,"Gustatory areas, layer 6a",161304.015169,88264.262666,10806.82612,47357.572935,14875.353448,73039.752503,0.469703,106829.180666,50178.0,1219.794655,True,73768.94522,0.469703,0.469703,75765,10199.022461,1816.658569,6981.344727,897.841553
639,COAa,"Cortical amygdalar area, anterior part",136601.462468,86354.633637,14534.427697,35653.186092,59.215043,50246.828832,0.523516,,,,,83751.309453,0.523516,0.523516,71513,9531.722656,68.633995,8903.175781,559.911865
642,NTB,Nucleus of the trapezoid body,114259.953811,47877.321016,13089.699769,53221.986143,70.946882,66382.632794,0.169141,83443.387221,14113.666667,214.504856,True,32100.06446,0.169141,0.169141,19326,19267.947266,11691.641602,6232.556641,3.250348
643,AUDpo2/3,"Posterior auditory area, layer 2/3",197736.379613,129574.692443,4274.165202,7873.462214,56014.059754,68161.68717,0.053344,308995.899238,16483.0,1843.680287,True,139511.129558,0.053344,0.053344,10548,15105.999023,1162.416138,2949.982422,5462.972656
645,VERM,Vermal regions,989291.703924,871311.432419,23445.340195,40365.221018,54169.710293,117980.271505,17.683812,,,,,928085.240058,17.683812,17.683813,17494449,117719.632812,36455.234375,1261.343506,148.077255
646,DP5,"Dorsal peduncular area, layer 5",159139.257746,82467.824311,10143.684031,64370.446033,2157.303371,76671.433436,0.091781,150455.566905,13809.0,624.414125,True,74746.161847,0.091781,0.091781,14606,25781.074219,2369.890869,10253.493164,852.806458
647,COAp,"Cortical amygdalar area, posterior part",164181.299823,115333.202435,21776.336148,18173.335951,8898.42529,48848.097389,1.989453,,,,,122832.411234,1.989453,1.989453,326631,21146.837891,322.469788,6531.813965,2236.088135
648,MOp5,"Primary motor area, Layer 5",152748.250353,66338.343061,12757.373665,47230.034082,26422.499545,86409.907293,3.603406,109842.180576,395806.0,32444.419197,True,45761.648589,3.603406,3.603406,550414,14597.516602,5055.611816,4511.17041,1241.914185
649,VISal6b,"Anterolateral visual area, layer 6b",193637.795276,84455.261274,3458.840372,88280.601288,17443.092341,109182.534001,0.087313,188586.972083,16466.0,1324.696569,True,84782.568145,0.087313,0.087312,16907,10429.668945,2849.583008,4694.018555,866.272217
651,NTS,Nucleus of the solitary tract,154025.362755,71224.390596,13001.130977,47157.975792,22641.86539,82800.972159,0.649328,,,,,56489.37736,0.649328,0.649328,100013,4817.555664,1254.873291,3390.208984,53.036846
652,PVHpml,"Paraventricular hypothalamic nucleus, magnocellular division, posterior magnocellular part, lateral zone",266678.941312,189716.915995,16754.890679,40064.441887,20142.69275,76962.025317,0.027156,182720.368239,4962.0,174.897113,True,252143.423021,0.027156,0.027156,7242,13853.756836,0.0,13309.782227,311.836517
653,VI,Abducens nucleus,170077.709611,85006.134969,10601.226994,48490.797546,25979.550102,85071.574642,0.015281,175858.214042,2687.333333,110.563707,True,86692.003158,0.015281,0.015281,2599,29246.972656,3752.786133,8983.797852,0.0
654,SSp-n4,"Primary somatosensory area, nose, layer 4",169724.978409,75281.834757,8266.385184,35387.007005,50789.751463,94443.143652,0.162828,163149.537792,26565.333333,624.836245,True,56070.301342,0.162828,0.162828,27636,19505.041016,12144.486328,5821.410645,1539.140869
655,COApl,"Cortical amygdalar area, posterior part, lateral zone",153408.052034,103424.49336,18933.662561,20943.720076,10106.176037,49983.558674,1.037781,,,,,104968.220611,1.037781,1.037781,159204,19997.005859,385.782043,6932.597656,1901.546997
656,MOs1,"Secondary motor area, layer 1",86778.392174,45156.71143,6700.613721,7147.839825,27773.227198,41621.680744,2.057125,113551.031982,233588.666667,13135.075079,True,24137.190343,2.057125,2.057125,178514,24137.189453,120.233215,470.220734,1806.534912
657,SSp-m2/3,"Primary somatosensory area, mouth, layer 2/3",146471.539572,71264.358726,9024.45679,17494.691473,48688.032583,75207.180846,0.790297,136578.210983,107937.333333,3310.042648,True,41633.70039,0.790297,0.790297,115756,16298.584961,4257.288086,2774.887939,4039.355469
658,ll,lateral lemniscus,82200.624819,0.0,13419.652936,63797.537476,4983.434407,82200.624819,1.190344,,,,,,,1.190344,97847,,,,
659,NTSce,"Nucleus of the solitary tract, central part",178003.016591,93828.054299,14190.045249,53285.067873,16699.84917,84174.962293,0.010359,221216.691805,2291.666667,275.536446,True,85835.970247,0.010359,0.010359,1844,29606.835938,244.44278,21861.347656,15.75199
660,PVHpmm,"Paraventricular hypothalamic nucleus, magnocellular division, posterior magnocellular part, medial zone",275126.436782,194758.62069,21517.241379,34390.804598,24459.770115,80367.816092,0.005437,207693.48659,1129.333333,63.971348,True,284298.752929,0.005437,0.005437,1496,13853.90332,0.0,4073.887207,556.467407
661,VII,Facial motor nucleus,112291.403983,51187.831482,15282.697889,45591.91434,228.960272,61103.572501,0.624563,134740.184796,84153.666667,3569.398315,True,36428.075025,0.624563,0.624562,70133,11129.566406,377.174133,1732.369507,1108.162964
662,GU6b,"Gustatory areas, layer 6b",146423.483366,74019.569472,10457.925636,51525.636008,10420.352251,72403.913894,0.079844,89320.287019,7131.666667,140.862817,True,55282.857053,0.079844,0.079844,11691,23678.363281,1816.63623,6981.224121,897.831726
663,COApm,"Cortical amygdalar area, posterior part, medial zone",175929.334888,128319.437831,24876.221124,15152.281347,7581.394585,47609.897056,0.951672,,,,,142312.993315,0.951672,0.951672,167427,22400.708984,253.428879,6094.766602,2600.89917
664,ENTm3,"Entorhinal area, medial part, dorsal zone, layer 3",181545.225225,114260.18018,13316.036036,21089.72973,32879.279279,67285.045045,0.69375,65363.123123,45345.666667,1307.890031,True,114730.6267,0.69375,0.69375,125947,15311.12793,3366.059814,10206.790039,1738.2771
665,lot,"lateral olfactory tract, body",122943.286476,0.0,18995.979584,71452.767244,32494.539648,122943.286476,1.095969,,,,,,,1.095969,134742,,,,
666,NTSco,"Nucleus of the solitary tract, commissural part",161508.684864,82421.836228,20667.848281,23276.85218,35142.148174,79086.848635,0.044078,99958.87983,4406.0,3097.996611,True,74290.226619,0.044078,0.044078,7119,9892.349609,160.279587,9705.817383,26.00738
667,FRP2/3,"Frontal pole, layer 2/3",156524.77005,108377.602066,506.051315,12155.559141,35485.557528,48147.167985,0.096828,225371.846592,21822.333333,2900.767542,True,108188.979618,0.096828,0.096828,15156,23239.980469,5592.599121,2699.040039,3118.035889
668,DMHa,"Dorsomedial nucleus of the hypothalamus, anterior part",186835.775202,115040.454844,11007.216269,54203.367592,6584.736497,71795.320359,0.285813,133884.977039,38266.0,888.938693,True,128985.275228,0.285813,0.285813,53400,50675.515625,127.188728,9743.636719,27.280478
669,VIS,Visual areas,183523.17063,100233.976999,11222.792342,34185.772634,37880.628656,83289.193631,12.957203,,,,,100113.745574,12.957203,12.957203,2377947,24237.507812,5753.179199,4810.205078,2833.071777
670,SSp-tr2/3,"Primary somatosensory area, trunk, layer 2/3",198415.089207,111067.443495,15031.171363,26327.038607,45989.435742,87347.645712,1.378469,115927.183696,159802.0,11381.749646,True,116670.016422,1.378469,1.378469,273509,20680.46875,3960.835449,3457.847656,4805.657715
671,RSPagl1,"Retrosplenial area, lateral agranular part, layer 1",115688.817469,62324.227243,8251.819643,12559.221098,32553.549485,53364.590226,0.165297,105904.401802,17505.666667,8234.123228,True,44518.015691,0.165297,0.165297,19123,44518.015625,139.718765,724.275574,1721.843994
672,CP,Caudoputamen,117658.695262,59872.852894,9707.386541,30638.782234,17439.673593,57785.842368,24.555219,134074.010913,3292216.666667,17453.986889,True,32721.702622,24.555219,24.555219,2889135,32721.689453,462.6091,2525.657715,22.749102
673,mp,mammillary peduncle,115321.470937,0.0,21523.131673,93115.065243,683.274021,115321.470937,0.026344,,,,,,,0.026344,3038,,,,
674,NTSge,"Nucleus of the solitary tract, gelatinous part",159759.036145,73012.048193,19518.072289,36867.46988,30361.445783,86746.987952,0.02075,144321.285141,2994.666667,981.446042,True,60968.02514,0.02075,0.02075,3315,13963.508789,2414.339111,11533.661133,15.507674
675,AIv6a,"Agranular insular area, ventral part, layer 6a",151873.015873,77902.713774,9880.184332,52661.546339,11428.571429,73970.302099,0.122063,140103.089264,17101.333333,990.089053,True,56941.522992,0.122063,0.122063,18538,14067.206055,2245.206787,6670.146973,506.810608
676,DMHp,"Dorsomedial nucleus of the hypothalamus, posterior part",253039.218825,167740.035217,11822.634865,55568.432848,17908.115896,85299.183608,0.097609,126449.602476,12342.666667,545.50191,True,223193.657325,0.097609,0.097609,24699,65806.226562,60.721863,16366.550781,35.116371
677,VISC,Visceral area,139179.756877,80115.735699,3505.219262,32498.357637,23060.444279,59064.021178,1.764797,,,,,61363.528744,1.764797,1.764797,245624,16640.509766,2817.979004,5802.04541,2362.601318
678,AUDd4,"Dorsal auditory area, layer 4",206152.414458,115115.020144,6714.861261,40554.275662,43768.257391,91037.394314,0.275359,151856.097146,41815.0,2326.799519,True,125833.314539,0.275359,0.275359,56766,17523.380859,8672.103516,4915.246094,2866.786133
679,CS,Superior central nucleus raphe,114611.81323,50618.581778,8770.345302,42025.910846,13196.975305,63993.231453,0.590969,,,,,27079.721763,0.590969,0.590969,67732,21013.566406,308.424988,6345.98877,38.080727
680,ORBvl6b,"Orbital area, ventrolateral part, layer 6b",122514.285714,45714.285714,8228.571429,57142.857143,11428.571429,76800.0,0.002188,57447.619048,125.666667,16.289056,True,24225.93052,0.002188,0.002188,268,0.0,0.0,0.0,0.0
681,mtg,mammillotegmental tract,112105.332456,0.0,13082.290981,95431.20474,3591.836735,112105.332456,0.094937,,,,,,,0.094937,10643,,,,
682,NTSl,"Nucleus of the solitary tract, lateral part",144099.945418,64589.96907,9350.233489,51257.444357,18902.298502,79509.976348,0.257641,162052.600724,41751.333333,4606.351304,True,45217.20821,0.257641,0.257641,37126,1849.44751,1816.587891,0.0,32.859371
683,PTLp5,"Posterior parietal association areas, layer 5",193980.968726,95494.460704,11986.822145,49660.532324,36839.153553,98486.508022,1.019703,146606.068964,149494.666667,7142.440923,True,94900.970496,1.019703,1.019703,197803,19151.535156,7538.996094,8480.755859,1321.463745
684,DMHv,"Dorsomedial nucleus of the hypothalamus, ventral part",225002.255074,140075.169131,11425.707843,64745.677775,8755.700326,84927.085943,0.124719,134986.386035,16835.333333,189.690098,True,176419.558201,0.124719,0.124719,28062,60978.738281,32.054287,14625.40332,30.702478
685,VM,Ventral medial nucleus of the thalamus,133893.194101,68815.975085,9828.341119,51187.688925,4061.188971,65077.219016,0.682312,89210.344722,60869.333333,2697.49705,True,51576.573053,0.682312,0.682312,91357,11310.448242,100.795296,8737.761719,1.729763
686,SSp6a,"Primary somatosensory area, layer 6a",167327.663066,76710.734309,11903.842472,62724.025708,15989.060577,90616.928757,0.571328,,,,,62515.231461,0.571328,0.571328,95599,14203.985352,4485.585938,4629.572754,1047.649048
687,RSPv5,"Retrosplenial area, ventral part, layer 5",194478.069255,91882.569663,10109.268975,37326.244608,55159.986009,102595.499592,1.340156,189075.714119,253391.0,18340.452775,True,88196.970857,1.340156,1.340156,260631,17146.044922,9271.708008,6360.876953,1513.461182
688,CTX,Cerebral cortex,170208.221215,102320.599224,9855.058423,31800.904552,26231.659016,67887.621991,216.509219,,143238.0,1418.512954,False,104507.904757,216.509219,216.509219,36851649,23248.179688,2858.695557,5029.766113,1974.60144
689,VLPO,Ventrolateral preoptic nucleus,69327.748691,37093.193717,14274.34555,17089.005236,871.204188,32234.554974,0.029844,78587.085515,2345.333333,762.05271,True,9748.516414,0.029844,0.029844,2069,0.0,0.0,0.0,0.0
690,mtt,mammillothalamic tract,101083.172147,0.0,6235.976789,90382.978723,4464.216634,101083.172147,0.12925,,,,,,,0.12925,13065,,,,
691,NTSm,"Nucleus of the solitary tract, medial part",159902.053712,74208.530806,14439.178515,47620.853081,23633.491311,85693.522907,0.3165,141344.918378,44735.666667,6915.217519,True,61932.019837,0.3165,0.3165,50609,5115.938477,907.118286,4131.912109,76.907074
692,PERI5,"Perirhinal area, layer 5",163192.82643,101533.056485,4445.261108,35049.35504,22165.153798,61659.769946,0.425172,92174.488258,39190.0,2381.627385,True,93679.087963,0.425172,0.425172,69385,13105.34082,2205.672363,6653.190918,967.626526
693,VMH,Ventromedial hypothalamic nucleus,214051.108197,134535.708575,13945.437682,60237.822624,5332.139316,79515.399623,0.488547,,,,,162945.795881,0.488547,0.488547,104574,27549.287109,16.950424,7871.859863,9.076351
694,AIv2/3,"Agranular insular area, ventral part, layer 2/3",124884.453562,75133.627734,18635.418478,19810.424563,11304.982788,49750.825828,0.449359,114653.592499,51520.666667,1511.676663,True,48948.990256,0.449359,0.449359,56118,13388.254883,2146.189209,4864.702148,2233.371582
695,CTXpl,Cortical plate,171331.519231,103259.813314,9882.181587,31371.949122,26817.575208,68071.705918,208.074703,,,,,106000.580813,208.074703,208.074703,35649755,22814.107422,2888.523438,4806.317871,2013.839355
696,AUDpo1,"Posterior auditory area, layer 1",104641.077441,60853.872054,2197.979798,2628.956229,38960.26936,43787.205387,0.023203,286426.936027,6646.0,997.448244,True,43720.461373,0.023203,0.023203,2428,43720.460938,32.988155,343.315369,1411.812622
697,ml,medial lemniscus,80712.657966,0.0,10359.229335,67758.856433,2594.572198,80712.657966,1.20675,,,,,,,1.20675,97400,,,,
698,OLF,Olfactory areas,204033.136678,154284.374101,8708.459873,26192.562313,14847.740391,49748.762577,43.850578,,161211.0,2714.022108,False,186717.087618,43.850578,43.850578,8946971,46790.59375,600.533386,6458.239746,2214.000977
699,AIv6b,"Agranular insular area, ventral part, layer 6b",180000.0,80000.0,2000.0,84000.0,14000.0,100000.0,0.0005,109333.333333,54.666667,3.05505,True,39608.985737,0.0005,0.0005,90,0.0,0.0,0.0,0.0
700,AHNa,"Anterior hypothalamic nucleus, anterior part",126318.193615,64643.654295,8961.328835,52459.901376,253.30911,61674.53932,0.240813,117271.044208,28240.333333,107.398014,True,41837.744792,0.240813,0.240813,30419,15428.800781,229.756882,6962.799316,24.001209
701,VNC,Vestibular nuclei,130054.130706,54402.190656,11879.220557,42127.478546,21645.240948,75651.94005,2.556313,,,,,34359.146223,2.556313,2.556312,332459,27644.291016,5325.65332,6018.437988,14.107826
702,SSp-n5,"Primary somatosensory area, nose, layer 5",145438.660878,62281.340912,8126.393054,36604.57414,38426.352773,83157.319966,0.349109,93205.746766,32539.0,2093.233623,True,36559.765711,0.349109,0.349109,50774,18864.269531,10022.364258,8073.546387,768.360657
703,CTXsp,Cortical subplate,145370.95096,80765.845382,9287.818019,43267.811889,12049.47567,64605.105578,7.238406,,,,,69929.996724,7.238406,7.238406,1052254,30629.556641,793.750793,8664.827148,1127.472168
704,AIv1,"Agranular insular area, ventral part, layer 1",59781.920287,35716.402777,11815.615007,7028.468918,5221.433586,24065.51751,0.200328,57825.130645,11584.0,1182.792881,True,9209.984913,0.200328,0.200328,11976,9209.985352,322.887573,747.920654,1214.93811
705,mtV,midbrain tract of the trigeminal nerve,130401.766004,0.0,22746.136865,90490.066225,17165.562914,130401.766004,0.014156,,,,,,,0.014156,1846,,,,
706,OP,Olivary pretectal nucleus,180486.637415,90294.375748,9203.031512,47329.876346,33659.353809,90192.261667,0.078344,172755.750565,13534.333333,1203.64045,True,86293.37422,0.078344,0.078344,14140,49495.269531,1895.037842,7130.275391,5.412357
707,ILA1,"Infralimbic area, layer 1",101045.8103,61919.325707,7268.348749,8175.578786,23682.557058,39126.484593,0.285484,77031.653075,21991.333333,2537.249955,True,41403.452994,0.285484,0.285484,28847,41403.453125,67.705437,582.788818,2007.770142
708,AHNc,"Anterior hypothalamic nucleus, central part",147077.200652,87849.276569,11238.471948,46119.704382,1869.747753,59227.924083,0.450328,133765.425673,60238.333333,1212.36147,True,76323.961903,0.450328,0.450328,66233,65356.1875,497.441528,7336.147949,28.068663
709,VP,Ventral posterior complex of the thalamus,139994.454327,69436.88632,8957.755395,47413.424833,14186.387779,70557.568007,2.468141,,,,,52645.793371,2.468141,2.468141,345526,6177.264648,467.646484,607.786743,0.775927
711,CU,Cuneate nucleus,147076.638396,61641.326137,8980.724749,52024.055513,24430.531997,85435.312259,0.202656,102475.661784,20767.333333,9809.256564,True,42942.645066,0.202656,0.202656,29806,14451.557617,5528.107422,8530.512695,9.848047
712,ENTm4,"Entorhinal area, medial part, dorsal zone, layer 4",146162.862231,74288.489558,13127.408127,28409.907722,30337.056824,71874.372673,0.096516,92261.399817,8904.666667,437.214288,True,50945.329866,0.096516,0.096516,14107,19210.914062,3026.916748,15070.042969,1113.956543
714,ORB,Orbital area,144162.625465,77961.655577,10057.967746,37007.556107,19135.446036,66200.969888,4.4335,,,,,61974.175512,4.4335,4.4335,639145,17292.173828,3796.105225,4979.018066,1894.593018
715,ENTl2a,"Entorhinal area, lateral part, layer 2a",155585.197235,109243.323844,10609.190728,20244.543852,15488.13881,46341.87339,0.922125,84355.519407,77786.333333,10081.185314,True,105000.949089,0.922125,0.922125,143469,13650.120117,540.535706,3785.087402,2128.635986
718,VPL,Ventral posterolateral nucleus of the thalamus,128551.54838,60916.050501,7635.833208,50068.574686,9931.089985,67635.497879,0.931922,107886.72602,100542.0,1444.55841,True,39144.184417,0.931922,0.931922,119800,16360.123047,1238.534302,1609.687378,2.054998
719,SSp6b,"Primary somatosensory area, layer 6b",155212.204185,60520.242519,6584.001565,77706.238999,10401.721103,94691.961666,0.079891,,,,,42794.242489,0.079891,0.079891,12400,14203.938477,4485.516113,4629.552734,1047.582275
720,DCN,Dorsal column nuclei,147611.336032,64044.534413,9336.032389,48748.987854,25481.781376,83566.801619,0.247,,,,,45521.113967,0.247,0.247,36460,14451.547852,5389.912598,7378.097656,8.080033
721,VISp4,"Primary visual area, layer 4",212685.784015,117128.737035,14396.583282,36281.879195,44878.584503,95557.04698,0.8195,137404.514948,112603.0,3200.493868,True,130640.032757,0.8195,0.8195,174296,32203.992188,11401.750977,6182.828613,3029.474121
723,ORBl,"Orbital area, lateral part",138216.809098,71569.342574,10320.705202,42892.402934,13434.358388,66647.466523,1.857625,,,,,52626.236073,1.857625,1.857625,256755,15491.196289,4630.41748,4501.948242,1693.802124
724,AHNp,"Anterior hypothalamic nucleus, posterior part",188349.534122,125638.881894,12611.432888,46988.667842,3110.551498,62710.652229,0.124094,154192.562747,19134.333333,478.437387,True,138720.401926,0.124094,0.124094,23373,65918.351562,274.411163,9503.012695,30.980499
725,VPLpc,"Ventral posterolateral nucleus of the thalamus, parvicellular part",116615.580556,52697.091913,6344.300573,53267.671407,4306.516663,63918.488644,0.073609,92474.633836,6807.0,356.509467,True,27366.839788,0.073609,0.073609,8584,0.0,0.0,0.0,0.0
726,DG,Dentate gyrus,233178.783669,166568.722124,17853.627789,20035.752195,28720.681561,66610.061545,6.197172,,,,,220534.858479,6.197172,6.197172,1445049,3697.759277,454.78064,1206.491699,330.207123
727,ENTm5,"Entorhinal area, medial part, dorsal zone, layer 5",166724.76286,87774.812987,11149.533431,34643.016889,33157.399553,78949.949873,0.202609,93893.318938,19023.666667,1473.451164,True,74184.172683,0.202609,0.202609,33780,19265.996094,2130.212158,15890.480469,1245.303101
728,arb,arbor vitae,411650.954154,0.0,60910.861514,211908.732201,138831.360439,411650.954154,6.193313,,,,,,,6.193313,2549483,,,,
729,TEa6a,"Temporal association areas, layer 6a",217057.958644,124759.382142,3977.202015,62200.831521,26120.542967,92298.576503,0.567484,150172.122948,85220.333333,3561.325923,True,144317.22473,0.567484,0.567484,123177,13560.917969,1833.475708,6737.371094,926.040588
731,ORBm,"Orbital area, medial part",153156.234598,84384.425826,8245.441104,31565.303105,28961.064564,68771.808773,1.0145,,,,,72268.751981,1.0145,1.0145,155377,17265.238281,1913.233887,5284.905273,2195.334717
732,MMme,"Medial mammillary nucleus, median part",234716.510903,150380.062305,9669.781931,39925.233645,34741.433022,84336.448598,0.020063,99422.637591,1994.666667,66.463022,True,193044.811877,0.020063,0.020063,4709,3581.147949,2984.393311,15.177266,7.442246
733,VPM,Ventral posteromedial nucleus of the thalamus,149136.741061,76151.091913,10013.918886,45680.825534,17290.904728,72985.649148,1.302188,106986.641069,139316.666667,5238.531983,True,62924.295464,1.302188,1.302187,194204,0.0,0.0,0.0,0.0
735,AUDp1,"Primary auditory area, layer 1",100179.367052,60034.802562,850.559327,1493.068171,37800.936992,40144.56449,0.326844,124663.033432,40745.333333,1620.052571,True,33770.004086,0.326844,0.326844,32743,33770.0,54.487942,265.253265,1218.709473
737,fxpo,postcommissural fornix,102195.49955,0.0,10115.571557,87523.312331,4556.615662,102195.49955,0.347187,,,,,,,0.347187,35481,,,,
740,MPNc,"Medial preoptic nucleus, central part",199191.011236,110022.47191,13806.741573,73204.494382,2157.303371,89168.539326,0.006953,134423.970037,934.666667,52.624456,True,120542.253057,0.006953,0.006953,1385,36558.160156,0.0,4112.39502,121.626228
741,VPMpc,"Ventral posteromedial nucleus of the thalamus, parvicellular part",142985.487484,72116.100127,9263.075874,43366.903672,18239.407811,70869.387358,0.160422,100393.623584,16105.333333,956.460837,True,59245.116321,0.160422,0.160422,22938,0.0,0.0,0.0,0.0
743,ENTm6,"Entorhinal area, medial part, dorsal zone, layer 6",179821.699511,93694.483099,10520.626655,42145.710823,33460.878933,86127.216412,0.348078,125787.852942,43784.0,2013.147784,True,90964.834914,0.348078,0.348078,62592,15211.453125,989.98822,9636.692383,1150.749146
744,cbc,cerebellar commissure,146442.696151,0.0,28574.101637,73386.349139,44482.245375,146442.696151,0.293938,,,,,,,0.293938,43045,,,,
746,ORBvl,"Orbital area, ventrolateral part",145393.002962,81393.643423,10923.064607,33542.230406,19534.064526,63999.359539,1.561375,,,,,66406.882691,1.561375,1.561375,227013,19452.369141,4026.885498,5347.857422,1938.074951
747,ILA2,"Infralimbic area, layer 2",151119.250055,86086.76695,12640.941792,38285.58971,14105.951602,65032.483104,0.071672,167945.934162,12037.0,1244.408695,True,68372.427332,0.071672,0.071672,10831,14232.413086,1263.302979,5115.598145,2390.995605
748,MPNl,"Medial preoptic nucleus, lateral part",146183.492272,76111.805327,10754.357119,58254.521539,1062.808287,70071.686945,0.095031,96399.868464,9161.0,312.736311,True,56112.408639,0.095031,0.095031,13892,39625.269531,3.161649,3354.275879,455.913422
749,VTA,Ventral tegmental area,124032.564045,59681.230861,5194.712077,58655.911569,500.709538,64351.333184,0.836812,95751.836084,80126.333333,1569.119605,True,38570.313018,0.836812,0.836813,103792,20267.701172,383.546478,1953.96814,38.221638
750,VISpl1,"Posterolateral visual area, layer 1",104825.902695,64564.163417,8614.341414,3515.172063,28132.225801,40261.739278,0.092172,205283.155337,18921.333333,1862.216242,True,40743.626193,0.092172,0.092172,9662,40743.625,77.441238,342.724426,1451.98877
752,cbp,cerebellar peduncles,87953.877409,0.0,18775.066957,58349.518946,10829.291506,87953.877409,5.122219,,,,,,,5.122219,450519,,,,
753,pm,principal mammillary tract,133109.780439,0.0,16606.786427,74283.433134,42219.560878,133109.780439,0.015656,,,,,,,0.015656,2084,,,,
754,OT,Olfactory tubercle,111459.471022,66194.141825,16779.623207,25760.814094,2724.891897,45265.329198,4.090438,,,,,52928.742589,4.090438,4.090438,455918,16384.964844,338.789062,4401.475586,137.684067
755,AUDv2/3,"Ventral auditory area, layer 2/3",194665.847414,132504.249872,2226.728111,18195.596518,41739.272913,62161.597542,0.610313,106339.511862,64900.333333,2228.58393,True,143457.691656,0.610313,0.610313,118807,20348.240234,2157.352051,3286.913086,4680.912598
756,MPNm,"Medial preoptic nucleus, medial part",153318.299144,78893.628583,9824.752072,54010.052982,10589.865507,74424.670561,0.115016,121815.333062,14010.666667,432.206355,True,66244.989546,0.115016,0.115016,17634,51065.648438,6.45857,4709.57666,223.486801
757,VTN,Ventral tegmental nucleus,129824.647456,54013.488657,9535.254445,36806.866953,29469.0374,75811.158798,0.050969,52313.100347,2666.333333,296.978675,True,31745.008028,0.050969,0.050969,6617,31745.009766,4375.559082,1458.561157,3.052507
759,AUDpo4,"Posterior auditory area, layer 4",199342.709104,128094.744634,4737.23168,14116.950407,52393.782383,71247.964471,0.021109,255131.507525,5385.666667,769.487059,True,135550.219156,0.021109,0.021109,4208,16515.099609,5000.490723,6439.606445,4355.197266
761,VMHa,"Ventromedial hypothalamic nucleus, anterior part",179674.074074,114785.185185,12325.925926,52562.962963,0.0,64888.888889,0.016875,65995.061728,1113.666667,80.407297,True,125878.539024,0.016875,0.016875,3032,46268.539062,0.0,3728.195557,0.0
763,OV,Vascular organ of the lamina terminalis,211705.56553,146499.102334,29529.62298,22807.899461,12868.940754,65206.463196,0.017406,127865.948534,2225.666667,166.674333,True,178419.791747,0.017406,0.017406,3685,0.0,0.0,0.0,0.0
764,ENTl2b,"Entorhinal area, lateral part, layer 2b",171509.359763,117274.846135,8733.178803,27653.361042,17847.973783,54234.513628,0.977422,74284.538939,72607.333333,5052.975889,True,115540.26119,0.977422,0.977422,167637,23339.121094,949.817261,5602.701172,2758.424805
765,x,Nucleus x,125355.688623,51583.233533,9446.706587,46735.329341,17590.419162,73772.45509,0.052187,155592.814371,8120.0,855.868565,True,29702.78316,0.052187,0.052187,6542,18745.996094,3952.661865,5446.234375,11.99294
767,MOs5,"Secondary motor area, layer 5",153901.553412,63869.326855,9348.469901,42503.639353,38180.117304,90032.226558,3.183516,108955.540831,346861.666667,28890.440985,True,41561.149232,3.183516,3.183516,489948,14609.792969,4650.001953,4031.685303,1167.975098
768,mfbc,cerebrum related,109442.688127,0.0,11640.147854,78704.378375,19098.161898,109442.688127,6.822594,,,,,,,6.822594,746683,,,,
769,VMHc,"Ventromedial hypothalamic nucleus, central part",208292.455965,126986.152653,15243.159411,62489.863742,3573.28016,81306.303312,0.141047,138840.367786,19583.0,976.776842,True,148254.694627,0.141047,0.141047,29379,44383.480469,22.762196,4544.910645,3.902232
771,P,Pons,103763.397217,44160.690442,9704.069129,43699.593829,6199.043817,59602.706775,16.207016,,637679.0,8012.691371,False,23327.418633,16.207016,16.207016,1681695,14219.347656,3641.135254,5060.830566,101.870941
772,ACAv5,"Anterior cingulate area, ventral part, layer 5",190148.960302,103217.499325,9737.402106,50373.859033,26820.199838,86931.460978,0.578594,166862.615897,96545.666667,7766.708204,True,103688.541478,0.578594,0.578594,110019,17713.175781,7342.578613,7132.749023,1180.224487
773,XII,Hypoglossal nucleus,135174.331976,56599.980133,13960.862223,39619.350353,24994.139267,78574.351843,0.314594,135957.352406,42771.333333,3476.313613,True,43670.862739,0.314594,0.314594,42525,10157.708984,1180.966431,4267.554199,424.46875
774,RSPagl5,"Retrosplenial area, lateral agranular part, layer 5",185993.766594,91378.968025,13781.830775,42819.346647,38013.621147,94614.798569,0.270719,115493.785832,31266.333333,5231.413225,True,88311.860529,0.270719,0.270719,50352,16696.115234,6062.92627,8802.37793,1830.810181
776,cc,corpus callosum,108007.542351,0.0,7588.506179,84273.237426,16145.798745,108007.542351,8.319687,,,,,,,8.319687,898589,,,,
777,VMHdm,"Ventromedial hypothalamic nucleus, dorsomedial part",238554.168747,156581.128308,11039.440839,54230.654019,16702.945582,81973.040439,0.125188,122187.385588,15296.333333,1326.98204,True,197041.255141,0.125188,0.125187,29864,20473.042969,15.275467,7322.990234,15.117747
778,VISp5,"Primary visual area, layer 5",199836.159976,104354.999474,12079.930362,42555.858467,40845.371672,95481.160502,1.633453,134261.785647,219310.333333,1277.431929,True,105268.539754,1.633453,1.633453,326423,29399.992188,13041.608398,8266.481445,1541.772339
780,PA,Posterior amygdalar nucleus,234244.340281,174466.540341,31814.899771,24461.952728,3500.947442,59777.79994,0.313344,147937.635052,46355.333333,2410.473052,True,221255.487227,0.313344,0.313344,73399,45048.582031,1376.854736,13521.523438,3226.258057
781,y,Nucleus y,121768.160742,50547.140649,10386.398763,38231.839258,22602.782071,71221.020093,0.020219,111249.8712,2249.333333,99.901618,True,30736.986875,0.020219,0.020219,2462,12998.423828,8177.897949,4799.009277,21.514624
783,AId6a,"Agranular insular area, dorsal part, layer 6a",152941.345808,82585.102555,12132.133861,43102.698812,15121.410579,70356.243253,0.217109,133468.825717,28977.333333,1574.158294,True,66084.641303,0.217109,0.217109,33205,12419.338867,2372.558838,6911.991699,774.581238
784,cst,corticospinal tract,89130.4058,0.0,14315.640363,71800.849929,3013.915507,89130.4058,6.0005,,,,,,,6.0005,534827,,,,
785,VMHvl,"Ventromedial hypothalamic nucleus, ventrolateral part",205897.170672,127907.514451,14958.320657,62982.658959,48.676605,77989.656222,0.205437,133401.48058,27405.666667,489.005453,True,155300.251983,0.205437,0.205438,42299,18765.882812,15.373253,10830.871094,9.69284
786,TEa6b,"Temporal association areas, layer 6b",181161.943714,85875.547765,3153.568994,71260.687506,20872.139449,95286.395949,0.160453,160173.467069,25700.333333,999.912163,True,84628.368272,0.160453,0.160453,29068,9496.880859,1833.460083,6737.352539,926.069031
788,PAA,Piriform-amygdalar area,132125.452352,84160.836349,13839.967833,14279.051065,19845.597105,47964.616003,0.62175,,,,,79711.479235,0.62175,0.62175,82149,7085.70166,595.413513,3956.086426,1891.85022
791,AUDpo5,"Posterior auditory area, layer 5",181405.301205,110311.325301,3886.26506,24134.939759,43072.771084,71093.975904,0.064844,263597.751004,17092.666667,1674.567805,True,109884.281412,0.064844,0.064844,11763,18509.15625,4619.307129,8274.554688,1961.842896
792,drt,dorsal roots,82093.985244,0.0,10167.01263,66636.988871,5289.983744,82093.985244,1.249531,,,,,,,1.249531,102579,,,,
793,SSp1,"Primary somatosensory area, layer 1",79493.814069,41716.5076,7103.570166,4041.003888,26632.732414,37777.306469,0.353625,,,,,16034.588908,0.353625,0.353625,28111,16034.588867,41.793629,459.631531,1151.406128
794,sptV,spinal tract of the trigeminal nerve,65733.420498,0.0,10717.222343,47500.835331,7515.362824,65733.420498,1.720875,,,,,,,1.720875,113119,,,,
795,PAG,Periaqueductal gray,139757.922562,67342.48332,10526.267398,43857.608623,18031.56322,72415.439242,5.166219,,665510.0,10439.362624,False,50171.903844,5.166219,5.166219,722020,28193.234375,1034.926758,10127.864258,186.423325
797,ZI,Zona incerta,146516.521953,75152.459646,9102.998791,59287.908523,2973.154994,71364.062308,2.157641,,258099.666667,4779.647825,False,63386.795157,2.157641,2.157641,316130,56793.359375,2754.250488,10384.657227,8.210636
798,VIIn,facial nerve,58830.739993,0.0,8126.380805,47884.071742,2820.287445,58830.739993,0.263094,,,,,,,0.263094,15478,,,,
800,AIv5,"Agranular insular area, ventral part, layer 5",140906.603212,78241.862837,15405.79587,40036.032974,7222.911532,62664.740376,0.367719,144849.834282,53264.0,1634.502677,True,56362.15141,0.367719,0.367719,51814,13071.217773,3784.033203,7285.151855,645.938232
802,sm,stria medullaris,155368.391091,0.0,26794.563438,80137.764179,48436.063474,155368.391091,0.439156,,,,,,,0.439156,68231,,,,
803,PAL,Pallidum,107924.023592,51153.134375,9040.044993,43089.715891,4641.128333,56770.889217,9.640328,,,,,25837.217626,9.640328,9.640328,1040423,23726.644531,1641.133545,6818.83252,43.321381
804,FF,Fields of Forel,129125.199787,62584.976026,9666.489078,56669.152904,204.581779,66540.223761,0.058656,88015.627775,5162.666667,228.460792,True,41917.490398,0.058656,0.058656,7574,41917.488281,2676.076172,4173.289551,3.944262
805,VISpm1,"posteromedial visual area, layer 1",131551.896501,95068.509262,10227.580123,3655.395472,22600.411644,36483.387239,0.212562,76457.512496,16252.0,5987.248784,True,85479.072987,0.212562,0.212563,27963,85479.078125,86.909477,624.392822,1447.590942
806,SSs2/3,"Supplemental somatosensory area, layer 2/3",166722.09695,93860.704418,3962.185452,19672.711489,49226.495591,72861.392532,1.475953,117048.658529,172758.333333,10654.790581,True,81781.512221,1.475953,1.475953,246074,16766.951172,3558.301758,2880.243164,4092.620605
809,PALc,"Pallidum, caudal region",127501.891622,68002.333942,9651.979145,46728.227522,3119.351014,59499.55768,1.660281,,,,,47111.703009,1.660281,1.660281,211689,44163.582031,204.311218,13638.364258,99.547112
810,ACAv6a,"Anterior cingulate area, ventral part, 6a",179514.604173,88553.758217,4539.811375,72450.414404,13970.620177,90960.845956,0.273359,164981.842431,45099.333333,3656.012081,True,84029.601746,0.273359,0.273359,49072,9398.043945,853.376404,2740.559814,794.297363
811,ICc,"Inferior colliculus, central nucleus",155491.946634,57533.133716,11336.794587,45674.184362,40947.83397,97958.812918,1.706391,148385.133093,253203.0,15799.150199,True,38966.36287,1.706391,1.706391,265330,38966.363281,0.006013,37323.398438,1642.950073
812,dscp,superior cerebellar peduncle decussation,72243.272807,0.0,6248.085758,64213.520017,1781.667031,72243.272807,0.285688,,,,,,,0.285688,20639,,,,
814,DP,Dorsal peduncular area,126711.658219,68900.024137,8344.870867,37500.941347,11965.821868,57811.634082,0.323672,,,,,53405.916928,0.323672,0.323672,41013,22355.890625,1305.110352,5883.768555,1536.266846
816,AUDp4,"Primary auditory area, layer 4",212955.503513,129186.57299,5120.999219,43228.727557,35419.203747,83768.930523,0.32025,128378.870674,41113.333333,3219.243131,True,148252.906381,0.32025,0.32025,68199,19299.550781,9687.370117,5469.475098,2682.780273
818,PALd,"Pallidum, dorsal region",104403.614861,47942.995277,10292.268214,40229.863513,5938.487857,56460.619584,2.100703,,,,,19888.222165,2.100703,2.100703,219321,19888.222656,4436.631836,1357.427246,5.191765
819,ACAv6b,"Anterior cingulate area, ventral part, 6b",174269.070735,75606.102635,4438.280166,84837.725381,9386.962552,98662.9681,0.045062,227254.738789,10240.666667,800.987099,True,66952.476829,0.045062,0.045063,7853,5812.530273,898.198181,2137.757324,0.0
820,ICd,"Inferior colliculus, dorsal nucleus",161861.716495,57189.524137,13193.867013,46291.237455,45187.08789,104672.192358,1.180094,147272.480117,173795.333333,4324.495963,True,44761.41613,1.180094,1.180094,191012,44761.402344,7576.800781,36181.394531,1003.199097
821,VISp2/3,"Primary visual area, layer 2/3",185278.857652,108864.407223,12812.736207,19340.601025,44261.113196,76414.450428,1.790172,133756.802914,239447.666667,1208.172725,True,108787.51312,1.790172,1.790172,331681,27115.992188,4089.52417,2262.131592,5442.92041
822,RHP,Retrohippocampal region,149736.060691,90803.003655,11852.102574,27527.784426,19553.170036,58933.057036,20.237844,,,,,84258.597423,20.237844,20.237844,3030335,18304.724609,1996.013794,6261.374512,1547.581909
824,mfsbshy,hypothalamus related,132043.806217,0.0,18922.266057,79243.048761,33878.4914,132043.806217,0.990156,,,,,,,0.990156,130744,,,,
826,PALm,"Pallidum, medial region",120666.933698,55920.616087,8046.493701,45459.110181,11240.71373,64746.317611,2.067484,,,,,34064.77469,2.067484,2.067484,249477,28463.933594,1195.905518,9752.791992,40.386299
827,ILA5,"Infralimbic area, layer 5",170514.405448,97022.524882,8000.0,50378.208486,15113.67208,73491.880566,0.47725,120628.601362,57570.0,5287.86091,True,89511.216365,0.47725,0.47725,81378,16287.981445,5920.391602,8277.220703,969.00885
828,ICe,"Inferior colliculus, external nucleus",123398.686242,40712.046269,8404.700217,50484.813274,23797.126482,82686.639973,2.985234,128536.194639,383710.666667,13637.669645,True,16683.169369,2.985234,2.985234,368374,16683.167969,8978.636719,6872.585449,831.939209
829,SUBd-m,"Subiculum, dorsal part, molecular layer",93429.362881,40965.880684,11614.350382,25602.594419,15246.537396,52463.482197,0.231266,124135.756593,28708.333333,1048.724145,True,17380.382858,0.231266,0.231266,21607,11316.216797,147.039932,322.022064,614.813721
830,DMH,Dorsomedial nucleus of the hypothalamus,208920.512899,131308.139356,11266.566219,57053.104148,9292.703176,77612.373543,0.508141,,,,,158724.219592,0.508141,0.508141,106161,56110.828125,91.071083,12214.02832,29.625586
831,AId6b,"Agranular insular area, dorsal part, layer 6b",151061.452514,74458.100559,11977.653631,49787.709497,14837.988827,76603.351955,0.011187,111046.554935,1242.333333,55.770362,True,50837.984011,0.011187,0.011187,1690,17292.273438,2372.498291,6911.681641,774.053772
832,IIIn,oculomotor nerve,79776.630492,0.0,12691.602571,61408.913708,5676.114213,79776.630492,1.186375,,,,,,,1.186375,94645,,,,
834,SCzo,"Superior colliculus, zonal layer",160638.567356,77300.32334,14883.578549,29037.365833,39417.299635,83338.244016,0.816672,157736.545048,128819.0,12525.653157,True,72796.76519,0.816672,0.816672,131189,39326.839844,3809.713867,7165.466309,738.434937
835,PALv,"Pallidum, ventral region",94425.309171,42997.651245,8622.301288,41795.875537,1009.481101,51427.657926,3.811859,,,,,15386.962886,3.811859,3.811859,359936,14371.113281,967.84491,5266.975586,41.436916
836,ECT1,Ectorhinal area/Layer 1,84968.676911,54282.978863,1835.406238,5625.128418,23225.163391,30685.698048,0.714828,81765.575932,58448.333333,4288.995959,True,34478.418974,0.714828,0.714828,60738,34478.417969,68.89682,566.078186,1557.594482
837,SUBd-sr,"Subiculum, dorsal part, stratum radiatum",96292.070736,43511.237878,10415.972618,23413.120365,18951.739874,52780.832858,0.273906,111089.104392,30428.0,1984.895715,True,20077.282963,0.273906,0.273906,26375,15750.19043,358.684235,810.830994,1709.456665
838,SSp-n2/3,"Primary somatosensory area, nose, layer 2/3",147577.59297,75671.740154,7019.613997,15550.604111,49335.634709,71905.852817,0.398313,95866.101784,38184.666667,554.88227,True,48648.028944,0.398313,0.398313,58782,18880.322266,4901.544434,2920.293213,3883.287842
839,DMX,Dorsal motor nucleus of the vagus nerve,193460.846385,98100.633122,17167.610796,42385.871376,35806.73109,95360.213262,0.093781,136061.312896,12760.0,1928.440821,True,115603.463103,0.093781,0.093781,18143,25371.0625,78.25428,19178.34375,230.616257
840,In,olfactory nerve,117133.169603,0.0,12006.008727,47991.606858,57135.554019,117133.169603,5.242375,,,,,,,5.242375,614056,,,,
841,tb,trapezoid body,55105.700713,0.0,11619.952494,42457.244656,1028.503563,55105.700713,0.842,,,,,,,0.842,46399,,,,
842,SCsg,"Superior colliculus, superficial gray layer",165578.735983,61026.430344,12470.632258,49199.206715,42882.466666,104552.305639,1.252703,204597.557781,256300.0,38364.188392,True,46945.780309,1.252703,1.252703,207421,46945.773438,7277.352539,21495.828125,174.337479
843,PAR,Parasubiculum,154533.373099,98243.72204,20893.050999,18467.998807,16928.601253,56289.651059,1.047813,,,,,93559.659633,1.047813,1.047812,161922,30025.402344,3559.037598,6379.740234,2222.882568
844,MOp6a,"Primary motor area, Layer 6a",153491.206249,62319.303455,8505.343123,54758.094932,27908.464738,91171.902794,2.336531,126029.985689,294473.0,14950.538853,True,39860.451993,2.336531,2.336531,358637,12399.056641,3283.74707,3801.23999,994.654663
845,SUBd-sp,"Subiculum, dorsal part, pyramidal layer",181791.10455,92609.886474,14405.403112,46247.382443,28528.43252,89181.218076,0.920766,188734.963544,173780.666667,6957.43813,True,95370.867208,0.920766,0.920766,167387,22126.34375,5844.563965,5542.777832,1109.976929
846,DN,Dentate nucleus,328620.765027,201617.486339,21371.803279,74635.191257,30996.284153,127003.278689,0.285938,161743.970856,46248.666667,4344.008556,True,128619.657292,0.285938,0.285938,93965,30985.396484,12997.616211,194.606674,13.897698
847,AUDp5,"Primary auditory area, layer 5",194226.506406,108248.324011,4541.869967,61527.232338,19909.08009,85978.182395,0.787781,115046.319436,90631.333333,2616.622696,True,114753.824734,0.787781,0.787781,153008,16715.978516,7555.750977,7327.210938,1137.151489
848,IIn,optic nerve,100548.902409,0.0,27184.117835,62116.910378,11247.874195,100548.902409,1.756687,,,,,,,1.756687,176633,,,,
849,VISC6b,"Visceral area, layer 6b",157471.472905,75305.800907,6920.983528,57873.478157,17371.210313,82165.671998,0.065453,147871.72754,9678.666667,160.724402,True,56230.356801,0.065453,0.065453,10307,26603.65625,1860.263794,6742.635254,689.225952
851,SCop,"Superior colliculus, optic layer",159518.410565,55476.057343,11683.778478,56087.085837,36271.488906,104042.353221,0.525344,158104.098507,83059.0,5083.420404,True,37531.659165,0.525344,0.525344,83802,37531.65625,2987.955566,17769.59375,45.591545
852,PARN,Parvicellular reticular nucleus,105888.083884,43449.995647,8418.722976,46208.568306,7810.796955,62438.088237,1.615328,135750.747236,219282.0,4912.860776,True,17627.896368,1.615328,1.615328,171044,17627.896484,1699.920044,9746.508789,101.746223
853,SUBv-m,"Subiculum, ventral part, molecular layer",72499.772146,37389.867449,13513.66131,13566.919617,8029.32377,35109.904698,0.788609,69890.960486,55116.666667,5390.447693,True,11187.62939,0.788609,0.788609,57174,11187.628906,48.504036,776.138245,1025.732422
854,SSp-ul2/3,"Primary somatosensory area, upper limb, layer 2/3",151461.069736,72266.079892,13622.207177,25853.757617,39719.025051,79194.989844,1.477,127886.255924,188888.0,4226.633057,True,45640.788722,1.477,1.477,223708,14987.176758,4190.719727,3278.644531,4239.501465
856,DORpm,"Thalamus, polymodal association cortex related",158904.233486,83768.317419,9861.600688,41452.61951,23821.695868,75135.916067,11.747484,,,,,77040.618271,11.747484,11.747484,1866725,11949.362305,2474.991943,3859.618408,2.846102
857,VISC6a,"Visceral area, layer 6a",168328.545554,90512.783792,3593.445937,54572.932901,19649.382924,77815.761762,0.370953,153400.334162,56904.333333,741.938227,True,80928.744368,0.370953,0.370953,62442,11908.495117,1860.320679,6742.623047,689.235229
859,PAS,Parasolitary nucleus,195977.846154,97555.692308,12878.769231,55689.846154,29853.538462,98422.153846,0.025391,133487.589744,3389.333333,1535.131699,True,106506.119651,0.025391,0.025391,4976,22402.101562,4832.337402,17014.837891,0.0
860,PBlc,"Parabrachial nucleus, lateral division, central lateral part",132435.576311,59272.341329,13442.581193,41217.575886,18503.077903,73163.234982,0.147219,155231.585651,22853.0,1390.826014,True,41591.503753,0.147219,0.147219,19497,11256.15918,5036.164062,6171.106934,48.891518
861,SUBv-sr,"Subiculum, ventral part, stratum radiatum",100986.387367,57649.402646,9419.301111,23848.563467,10069.120144,43336.984722,0.487828,69450.00694,33879.666667,4719.973023,True,42496.618901,0.487828,0.487828,49264,16647.595703,178.377914,2621.283447,2296.042236
862,SSs6a,"Supplemental somatosensory area, layer 6a",183977.515892,92780.430141,6222.2115,53986.562609,30988.311641,91197.085751,1.295359,142887.760395,185091.0,4835.709772,True,90301.525097,1.295359,1.295359,238317,12348.154297,2671.741699,4870.998535,530.597656
863,rust,rubrospinal tract,75949.94995,0.0,11409.409409,64206.206206,334.334334,75949.94995,0.4995,,,,,,,0.4995,37937,,,,
864,DORsm,"Thalamus, sensory-motor cortex related",143036.618948,71310.665391,10861.238599,48486.846474,12377.868484,71725.953557,6.400375,,,,,56023.754248,6.400375,6.400375,915488,7874.48877,542.346008,2444.459229,1.783487
865,SSp4,"Primary somatosensory area, layer 4",169131.751075,80720.612969,12646.109761,43069.332835,32695.695509,88411.138105,0.250828,,,,,69589.659068,0.250828,0.250828,42423,27231.958984,9678.043945,4129.284668,1602.627075
866,sctv,ventral spinocerebellar tract,62175.459221,0.0,16457.70267,44144.011756,1573.744795,62175.459221,1.275937,,,,,,,1.275937,79332,,,,
867,PB,Parabrachial nucleus,124417.305703,53804.329993,11071.084638,44082.319792,15459.571281,70612.975711,0.876156,,,,,32983.612539,0.876156,0.876156,109009,17607.826172,2880.684326,6622.777832,173.907974
868,PBld,"Parabrachial nucleus, lateral division, dorsal lateral part",128571.137175,57081.081081,14735.339113,36977.052524,19777.664457,71490.056094,0.061281,189807.921129,11631.666667,177.060253,True,39402.456814,0.061281,0.061281,7879,9689.324219,2214.9646,7435.138672,39.22121
869,VISpl4,"Posterolateral visual area, layer 4",205916.544349,117881.316838,12131.683791,31120.989725,44782.553994,88035.227511,0.074516,123012.231775,9166.333333,65.546421,True,127019.407785,0.074516,0.074516,15344,15512.914062,5737.321777,4700.979004,4631.250977
870,SUBv-sp,"Subiculum, ventral part, pyramidal layer",190650.869786,107948.796598,12132.786675,47301.67847,23267.608044,82702.073188,2.557203,155813.590287,398447.0,23888.30176,True,119056.209789,2.557203,2.557203,487533,28069.720703,3469.700195,10509.083984,1434.56189
872,DR,Dorsal nucleus raphe,166331.921031,86183.358875,12813.84657,57330.568827,10004.146759,80148.562156,0.173328,105528.170919,18291.0,396.659804,True,85950.087986,0.173328,0.173328,28830,31837.134766,802.669006,8146.98877,1857.153198
873,SSs1,"Supplemental somatosensory area, layer 1",83508.081518,47066.760365,1146.872804,2245.959241,33048.489107,36441.321153,0.7115,115849.144999,82426.666667,3936.618388,True,18840.621651,0.7115,0.7115,59416,18840.621094,233.75856,764.01062,1847.980103
874,PBG,Parabigeminal nucleus,171934.200835,81850.233243,22281.365087,67284.065799,518.536705,90083.967591,0.063641,157362.795646,10014.666667,1463.208917,True,79479.900783,0.063641,0.063641,10942,26322.412109,612.460815,1496.889404,2.210436
875,PBle,"Parabrachial nucleus, lateral division, external lateral part",145605.363128,70349.944134,10912.178771,49054.748603,15288.49162,75255.418994,0.069922,132981.750466,9298.333333,75.248477,True,54462.315319,0.069922,0.069922,10181,8956.548828,1656.687134,5271.554199,15.686205
877,tsp,tectospinal pathway,77164.149043,0.0,6014.098691,62400.80564,8749.244713,77164.149043,0.24825,,,,,,,0.24825,19156,,,,
878,SSp-m1,"Primary somatosensory area, mouth, layer 1",79537.78244,41435.951226,6259.866265,2995.673266,28846.291683,38101.831214,0.357516,111010.532756,39688.0,2165.165352,True,12775.479929,0.357516,0.357516,28436,12775.479492,191.374588,799.828003,1319.945312
879,RSPd,"Retrosplenial area, dorsal part",186722.707035,93418.711401,9675.83374,29916.916095,53711.245799,93303.995634,2.719766,,,,,91660.133764,2.719766,2.719766,507842,24936.775391,5258.315918,5369.028809,2709.291016
880,DTN,Dorsal tegmental nucleus,178460.915077,86237.379706,14046.935675,42637.85244,35538.747256,92223.535371,0.092547,215440.373685,19938.333333,1761.75405,True,81119.978229,0.092547,0.092547,16516,59061.578125,5943.740723,11180.174805,16.766846
881,PBl,"Parabrachial nucleus, lateral division",129093.981406,57993.541021,12484.749633,41072.320992,17543.36976,71100.440385,0.478984,,,,,37831.762149,0.478984,0.478984,61834,13291.422852,2847.606689,7848.513672,45.136936
882,MOp6b,"Primary motor area, Layer 6b",148020.2058,57390.458372,6154.53695,64104.770814,20370.439663,90629.747427,0.334062,166481.821017,55615.333333,3332.842681,True,33975.577354,0.334062,0.334062,49448,8546.257812,3048.577637,3622.237305,994.65387
883,PBls,"Parabrachial nucleus, lateral division, superior lateral part",124195.38748,54777.252543,13852.456668,38797.87996,16767.79831,69418.134938,0.109078,117319.581722,12797.0,928.287132,True,29254.460294,0.109078,0.109078,13547,21734.171875,1796.77063,11845.782227,24.563427
884,amc,amygdalar capsule,116874.209417,0.0,6948.69993,76081.51792,33843.991567,116874.209417,0.177875,,,,,,,0.177875,20789,,,,
886,RSPv,"Retrosplenial area, ventral part",203759.887919,109251.674288,11900.297138,32815.358798,49792.557696,94508.213631,4.059563,,,,,119326.664419,4.059563,4.059562,827176,32008.482422,5505.269043,4914.3125,2829.927246
888,PERI2/3,"Perirhinal area, layer 2/3",164509.05565,110327.250061,2903.348686,23071.648717,28206.808186,54181.805589,0.451203,99641.744872,44958.666667,2946.724509,True,102687.241814,0.451203,0.451203,74227,20299.560547,1621.934814,4312.073242,3092.989502
889,SSp-n6a,"Primary somatosensory area, nose, layer 6a",154416.046366,72593.215524,8440.479573,57021.421672,16360.929598,81822.830843,0.274984,107940.678448,29682.0,3135.259479,True,52110.467873,0.274984,0.274984,42462,10027.536133,2875.435547,4693.139648,595.109375
890,PBm,"Parabrachial nucleus, medial division",118374.958901,49097.38936,8783.323469,47767.475505,12726.770566,69277.56954,0.237609,,,,,28565.624254,0.237609,0.237609,28127,26024.646484,3510.390625,6333.668457,176.304138
891,PBlv,"Parabrachial nucleus, lateral division, ventral lateral part",117287.788215,50937.66012,9007.002562,40192.65585,17150.469684,66350.128096,0.091484,136380.301736,12476.666667,198.031142,True,28245.4033,0.091484,0.091484,10730,12226.246094,1912.65979,8028.318848,90.097031
893,SSs6b,"Supplemental somatosensory area, layer 6b",155322.151062,69806.648368,5627.732032,55672.257802,24215.51286,85515.502694,0.307406,153677.20511,47241.333333,1100.367817,True,52807.083953,0.307406,0.307406,47747,12978.206055,2671.735596,4870.999023,530.594482
894,RSPagl,"Retrosplenial area, lateral agranular part",180608.550842,92710.250787,12712.625105,38343.649524,36842.025425,87898.300054,0.947641,,,,,92078.296171,0.947641,0.947641,171152,21921.876953,3653.237793,6325.634277,3363.333984
895,ECT,Ectorhinal area,174556.339333,108292.697916,4275.092298,27725.052306,34263.496812,66263.641417,3.457703,,,,,112033.511586,3.457703,3.457703,603564,20301.263672,1746.931885,5411.528809,3032.483643
896,lfbst,thalamus related,111268.931729,0.0,13632.974758,83771.221642,13864.735329,111268.931729,0.293406,,,,,,,0.293406,32647,,,,
897,VISC1,"Visceral area, layer 1",65871.249038,42142.498076,1654.578097,8112.028725,13962.14414,23728.750962,0.304609,91884.893562,27989.0,3639.040945,True,12772.204867,0.304609,0.304609,20065,12772.204102,82.41584,593.818726,1789.352173
898,PCG,Pontine central gray,131753.504868,58255.492348,11461.59522,42764.668079,19271.749221,73498.01252,0.656453,239329.096549,157108.333333,4738.184709,True,38580.210217,0.656453,0.656453,86490,32359.544922,3805.774902,8824.461914,43.635605
899,PBme,"Parabrachial nucleus, medial division, external medial part",147848.595849,71970.695971,8244.200244,52864.468864,14769.230769,75877.899878,0.025594,156379.324379,4002.333333,83.26664,True,60897.636063,0.025594,0.025594,3784,37307.492188,2196.293701,948.004883,6.167768
900,aco,"anterior commissure, olfactory limb",147706.722886,0.0,10844.902527,83291.949715,53569.870644,147706.722886,1.200656,,,,,,,1.200656,177345,,,,
901,Vn,trigeminal nerve,63938.748654,0.0,9788.305353,47551.886855,6598.556446,63938.748654,2.350969,,,,,,,2.350969,150318,,,,
902,VISpl5,"Posterolateral visual area, layer 5",188398.805199,99288.609026,9997.578106,36420.117865,42692.500202,89110.196173,0.193547,124114.636312,24022.0,615.134945,True,95309.853099,0.193547,0.193547,36464,20978.544922,9761.375,8921.74707,2295.421875
903,ECU,External cuneate nucleus,160284.964037,72278.570613,12366.708528,44103.664802,31536.020094,88006.393424,0.273719,127422.765156,34878.0,9133.339148,True,64770.593525,0.273719,0.273719,43873,14846.288086,6972.641113,2242.282959,4.055976
904,MSC,Medial septal complex,115359.96275,53788.139821,8276.449263,42529.018525,10766.35514,61571.822929,1.879188,,,,,29505.151478,1.879188,1.879187,216783,29505.152344,1143.896118,10391.474609,43.470158
905,VISal2/3,"Anterolateral visual area, layer 2/3",187175.443059,99302.297973,9925.888239,21993.61203,55953.644817,87873.145086,0.552797,133500.513487,73798.666667,2770.809509,True,94713.361328,0.552797,0.552797,103470,13040.167969,3341.032471,2919.136475,5093.395508
906,RSPagl6a,"Retrosplenial area, lateral agranular part, layer 6a",182075.272808,83654.665578,11958.132284,60926.137629,25536.337317,98420.60723,0.210484,145098.656373,30541.0,1715.596398,True,76860.948832,0.210484,0.210484,38324,17200.898438,3440.89917,7515.341797,950.810181
907,PCN,Paracentral nucleus,151794.553495,78965.939949,9061.990845,36749.476298,27017.146404,72828.613546,0.201391,99605.762019,20059.666667,341.371254,True,67484.486528,0.201391,0.201391,30570,0.0,0.0,0.0,0.0
908,act,"anterior commissure, temporal limb",80200.09745,0.0,11241.838558,68838.720156,119.538736,80200.09745,0.192406,,,,,,,0.192406,15431,,,,
909,ENT,Entorhinal area,143800.969744,91110.029234,9833.218263,23950.794772,18906.927474,52690.940509,11.881359,,,,,80393.645056,11.881359,11.881359,1708551,14062.499023,1321.618774,6356.999023,1419.595825
910,ORBm6a,"Orbital area, medial part, layer 6a",171307.464226,72671.39358,8440.376434,75592.110352,14603.58386,98636.070646,0.121203,213006.059043,25817.0,3156.913524,True,62904.010059,0.121203,0.121203,20763,11327.773438,2789.599365,7874.419434,663.755981
912,LING,Lingula (I),813092.312641,691864.908331,25927.307816,44834.995175,50465.101319,121227.40431,0.097156,,,,,714738.255658,0.097156,0.097156,78997,138733.25,30949.853516,783.419617,123.855537
914,PD,Posterodorsal preoptic nucleus,180387.096774,126709.677419,14193.548387,39483.870968,0.0,53677.419355,0.003875,102451.612903,397.0,39.153544,True,135306.96303,0.003875,0.003875,699,11622.47168,0.0,11292.876953,312.323212
915,PBmm,"Parabrachial nucleus, medial division, medial medial part",114817.00936,46336.207532,8848.404451,47152.185128,12480.212248,68480.801828,0.212016,124710.934237,26440.666667,1005.676058,True,24662.622165,0.212016,0.212016,24343,24662.623047,3669.023438,6983.806152,196.842361
916,bsc,brachium of the superior colliculus,138569.886023,0.0,32304.739052,72907.018596,33358.128374,138569.886023,0.41675,,,,,,,0.41675,57749,,,,
917,Xn,vagus nerve,124152.62779,0.0,14421.886249,76371.490281,33359.25126,124152.62779,0.043406,,,,,,,0.043406,5389,,,,
918,ENTl,"Entorhinal area, lateral part",139734.790926,88043.990161,6974.291701,26602.007835,18114.50123,51690.800765,8.575781,,,,,74746.699405,8.575781,8.575781,1198335,14016.076172,1100.706055,5928.370605,1393.412231
919,ACAd6a,"Anterior cingulate area, dorsal part, layer 6a",167533.450361,71936.649113,6169.06573,61703.140238,27724.59528,95596.801248,0.400547,137005.188219,54877.0,3589.155472,True,53861.222832,0.400547,0.400547,67105,12556.325195,3452.627686,5833.801758,881.857178
920,CENT,Central lobule,951514.84651,842778.640346,23355.922828,34358.178143,51022.105193,108736.206165,4.011359,,,,,892278.188421,4.011359,4.011359,3816868,89015.804688,37004.058594,1491.720093,157.353241
921,SSp5,"Primary somatosensory area, layer 5",155899.600685,69988.590987,13105.533371,52014.831717,20790.644609,85911.009698,0.8765,,,,,51360.845602,0.8765,0.8765,136646,24315.990234,10545.056641,5688.031738,1012.019104
922,PERI,Perirhinal area,147038.484285,93087.280508,2872.460994,28788.61063,22290.132152,53951.203776,1.453109,,,,,84193.670064,1.453109,1.453109,213663,17719.443359,1339.641357,4718.637207,1662.27356
924,cpd,cerebal peduncle,88035.216434,0.0,18490.88549,68772.729838,771.601106,88035.216434,2.214875,,,,,,,2.214875,194987,,,,
926,ENTm,"Entorhinal area, medial part, dorsal zone",151409.979801,95910.741676,17147.965718,17275.292474,21075.979933,55499.238125,3.086547,,,,,89429.098938,3.086547,3.086547,467334,14116.895508,2020.709473,7484.016113,1375.975708
927,ACAd6b,"Anterior cingulate area, dorsal part, layer 6b",161641.532756,62496.909765,4469.715698,78496.909765,16177.997528,99144.622991,0.050563,164054.388133,8295.0,853.957844,True,46168.467082,0.050563,0.050563,8173,10168.130859,3452.619385,5833.790039,881.722656
928,CUL,Culmen,940169.073573,817178.617755,24710.848144,46218.419316,52061.188358,122990.455818,6.866094,,,,,867662.207417,6.866094,6.866094,6455289,73627.90625,36231.652344,1080.27002,158.657974
929,SSp-n6b,"Primary somatosensory area, nose, layer 6b",142613.642349,64337.108243,6337.634975,70657.887806,1281.011325,78276.534106,0.059328,104374.330612,6192.333333,540.707253,True,43201.472362,0.059328,0.059328,8461,21174.287109,2875.425781,4693.129883,595.097656
930,PF,Parafascicular nucleus,182774.594645,99789.934081,9757.255772,40192.695804,33034.708988,82984.660564,0.500141,143917.523197,71979.0,9489.035304,True,105816.958138,0.500141,0.500141,91413,483.425537,123.214577,353.79007,6.420962
931,PG,Pontine gray,170715.457413,93565.930599,21400.630915,53437.223975,2311.671924,77149.526814,0.7925,215571.819138,170840.666667,10071.411089,True,97473.701923,0.7925,0.7925,135292,8379.036133,8133.873047,238.570404,6.592904
932,cett,cervicothalamic tract,82093.985244,0.0,10167.01263,66636.988871,5289.983744,82093.985244,1.249531,,,,,,,1.249531,102579,,,,
933,VIIIn,vestibulocochlear nerve,75924.364956,0.0,14251.597063,57173.948964,4498.81893,75924.364956,2.685594,,,,,,,2.685594,203902,,,,
934,ENTmv,"Entorhinal area, medial part, ventral zone",195780.282494,143504.636895,18691.396776,14217.149379,19367.099444,52275.645598,0.219031,,,,,174163.911622,0.219031,0.219031,42882,15113.445312,119.620041,7257.465332,3059.459229
935,ACAd1,"Anterior cingulate area, dorsal part, layer 1",82089.375877,34697.115082,6476.294232,7569.085081,33346.881482,47392.260795,0.745797,78207.174932,58326.666667,7590.654276,True,13883.961557,0.745797,0.745797,61222,13883.962891,565.835632,1271.70166,2609.957031
936,DEC,Declive (VI),1051238.67931,927685.444446,23422.520486,43010.191983,57120.52239,123553.23486,2.675203,,,,,998556.342916,2.675203,2.675203,2812277,154218.703125,32478.400391,1212.7146,209.880859
938,PGRN,Paragigantocellular reticular nucleus,95785.183409,37200.534302,9967.051409,43915.744768,4701.85293,58584.649108,0.912406,,,,,14722.855638,0.912406,0.912406,87395,9061.642578,2594.737305,3841.11377,30.171192
939,AMBd,"Nucleus ambiguus, dorsal division",141521.553766,71609.663666,11490.288963,52449.076267,5972.52487,69911.8901,0.032984,112214.748145,3701.333333,91.358269,True,62184.707052,0.032984,0.032984,4668,19302.984375,3756.304443,7982.808105,56.140797
940,cing,cingulum bundle,103274.50183,0.0,3593.330622,81389.182595,18291.988613,103274.50183,0.61475,,,,,,,0.61475,63488,,,,
942,EP,Endopiriform nucleus,122920.09823,59025.991443,3882.008023,50824.28345,9187.815314,63894.106787,2.691391,,,,,38310.751879,2.691391,2.691391,330826,31290.511719,588.957092,8533.168945,416.400574
943,MOp2/3,"Primary motor area, Layer 2/3",147114.032726,76353.487193,15046.047108,28757.219116,26957.279308,70760.545532,3.945688,117808.366729,464835.0,33108.940046,True,55020.018684,3.945688,3.945687,580466,14544.545898,4387.768555,2737.964844,4071.365967
944,FOTU,Folium-tuber vermis (VII),1476903.52474,1346965.41453,21719.013735,40051.629985,68167.46649,129938.11021,0.377688,,,,,1491738.347003,0.377688,0.377687,557808,544524.75,44568.886719,1526.732056,22.648079
945,SSp-ul6a,"Primary somatosensory area, upper limb, layer 6a",153642.424242,66206.060606,10497.835498,58838.961039,18099.5671,87436.363636,1.155,144387.590188,166767.666667,2294.082024,True,45162.904535,1.155,1.155,177457,13076.388672,3015.202881,4401.04541,716.019775
946,PH,Posterior hypothalamic nucleus,163557.830092,97981.576254,6401.910611,44121.460253,15052.882975,65576.253838,0.73275,134341.862845,98439.0,2911.283737,True,95848.606074,0.73275,0.73275,119847,13776.256836,324.524353,4807.590332,112.457985
948,cVIIIn,cochlear nerve,76940.070625,0.0,14611.081472,57995.173132,4333.81602,76940.070625,2.460187,,,,,,,2.460187,189287,,,,
949,von,vomeronasal nerve,141613.259669,0.0,54346.961326,38046.40884,49219.889503,141613.259669,0.028281,,,,,,,0.028281,4005,,,,
950,SSp-m4,"Primary somatosensory area, mouth, layer 4",156811.735941,65975.550122,9450.692747,34976.365118,46409.127954,90836.185819,0.30675,166574.300462,51096.666667,2106.948583,True,38881.266852,0.30675,0.30675,48102,19848.638672,9982.302734,4409.634277,1822.351318
951,PYR,Pyramus (VIII),1280993.70482,1148040.84084,21077.077077,47299.210321,64576.576577,132952.863975,0.702422,,,,,1253353.939199,0.702422,0.702422,899798,313311.4375,39139.726562,1745.146729,90.326393
952,EPd,"Endopiriform nucleus, dorsal part",126887.372261,61151.35735,4078.242517,51742.992044,9914.780351,65736.014912,2.154359,115198.51464,248179.0,6862.772618,True,41250.066478,2.154359,2.154359,273361,32479.84375,647.127686,8167.558594,377.921722
954,AUDp6a,"Primary auditory area, layer 6a",217986.886663,123116.651056,3246.343396,74433.028316,17190.863895,94870.235608,0.433719,150548.406465,65295.666667,1030.60775,True,146477.814042,0.433719,0.433719,94545,14512.663086,2976.113037,5054.75,563.30957
955,LRNm,"Lateral reticular nucleus, magnocellular part",115825.959781,51001.096892,12250.091408,49981.230957,2593.540524,64824.862888,0.512813,158837.78184,81454.0,11368.04064,True,33299.819769,0.512813,0.512812,59397,2705.452637,2698.873535,0.0,6.578826
956,fa,"corpus callosum, anterior forceps",112395.914369,0.0,8474.523004,84371.19882,19550.192545,112395.914369,3.221656,,,,,,,3.221656,362101,,,,
957,UVU,Uvula (IX),1005547.24004,895221.259671,21332.527184,31356.995078,57636.458107,110325.980369,1.653953,,,,,947325.772541,1.653953,1.653953,1663128,149876.484375,44059.054688,1477.877563,42.537853
958,EPI,Epithalamus,294380.190387,177275.477428,17398.8203,56457.396484,43248.496175,117104.712959,0.535094,,,,,256733.233411,0.535094,0.535094,157521,137.318405,130.738983,0.0,6.579405
959,AUDv1,"Ventral auditory area, layer 1",92087.423862,59104.263705,805.446077,3250.447868,28927.266213,32983.160158,0.348875,102591.663681,35791.666667,1925.182935,True,33426.293467,0.348875,0.348875,32127,33426.292969,35.260895,299.978577,1502.299316
960,cbf,cerebellum related fiber tracts,262117.678727,0.0,41501.382223,140649.588294,79966.70821,262117.678727,11.609469,,,,,,,11.609469,3043047,,,,
961,PIR,Piriform area,138887.993346,85746.060189,8285.986586,34211.020407,10644.926165,53141.933158,13.132172,,,,,83663.066836,13.132172,13.132172,1823901,12907.709961,610.877808,8068.970215,910.409424
962,MOs2/3,"Secondary motor area, layer 2/3",161857.343186,83371.788758,10477.452253,22996.425789,45011.676385,78485.554428,3.309297,141268.981798,467501.0,29503.049063,True,66274.434926,3.309297,3.309297,535634,14376.520508,4746.824707,3008.508545,4190.143066
963,LRNp,"Lateral reticular nucleus, parvicellular part",77882.465361,21863.354037,12078.356426,43237.458194,703.296703,56019.111324,0.032703,319633.06259,10453.0,1864.642861,True,7281.501053,0.032703,0.032703,2547,0.0,0.0,0.0,0.0
965,RSPagl2/3,"Retrosplenial area, lateral agranular part, layer 2/3",214054.630865,121686.481471,15392.217132,27978.426028,48997.506234,92368.149394,0.269422,158661.949777,42747.0,11617.971036,True,139449.817999,0.269422,0.269422,57671,17861.648438,3578.499756,6204.027832,8079.125
966,EPv,"Endopiriform nucleus, ventral part",107004.946174,50499.854524,3094.79197,47138.783823,6271.515857,56505.09165,0.537031,95331.510038,51196.0,965.338801,True,26519.371093,0.537031,0.537031,57465,26519.373047,355.599426,9999.856445,570.762939
967,cm,cranial nerves,92325.823867,0.0,13780.743855,53974.073558,24571.006454,92325.823867,14.806312,,,,,,,14.806312,1367005,,,,
968,NOD,Nodulus (X),931032.453483,824527.333045,21367.950382,30014.519929,55122.650127,106505.120438,1.299937,,,,,864639.971518,1.299937,1.299938,1210284,91889.546875,31055.666016,1028.619141,140.118759
969,ORBvl1,"Orbital area, ventrolateral part, layer 1",84055.029937,46998.857352,8930.572695,9328.397093,18797.202797,37056.172586,0.341859,109261.300791,37352.0,4933.506157,True,26471.070228,0.341859,0.341859,28735,26471.068359,1599.910278,2534.147461,3717.042725
970,PGRNd,"Paragigantocellular reticular nucleus, dorsal part",107299.73089,38197.978035,8052.949305,44454.142119,16594.66143,69101.752855,0.214828,115084.248551,24723.333333,1538.436327,True,15302.69817,0.214828,0.214828,23051,15302.698242,1009.907532,3261.283203,7.532413
971,fp,"corpus callosum, posterior forceps",106652.861035,0.0,8636.512262,79008.174387,19008.174387,106652.861035,0.45875,,,,,,,0.45875,48927,,,,
972,PL,Prelimbic area,151005.16321,83738.794084,7803.552989,28342.697121,31120.119016,67266.369126,1.785469,,,,,71693.645882,1.785469,1.785469,269615,19011.396484,3565.509033,4164.523438,2142.345215
973,VISl2/3,"Lateral visual area, layer 2/3",170249.64765,92868.435566,8867.210001,12734.11361,55779.888474,77381.212084,0.254984,140842.61699,35912.666667,2014.435488,True,74926.241797,0.254984,0.254984,43411,13247.488281,3013.895508,3074.253662,5782.671387
974,SSp-m5,"Primary somatosensory area, mouth, layer 5",144498.922434,62458.375451,10397.11632,44331.165487,27312.265177,82040.546984,0.819266,119509.469227,97910.0,2651.028291,True,37493.052713,0.819266,0.819266,118383,17517.876953,9334.185547,7222.756348,960.918823
975,EW,Edinger-Westphal nucleus,208010.862186,123742.023082,14859.470468,52442.63408,16966.734555,84268.839104,0.046031,104429.056348,4807.0,341.93128,True,151677.042208,0.046031,0.046031,9575,5743.021484,1370.758667,2283.156494,308.937408
976,CENT2,Lobule II,909826.866518,808957.490285,22381.063747,31941.414786,46546.8977,100869.376233,1.322859,,,,,852732.040667,1.322859,1.322859,1203573,89268.804688,37020.457031,1126.449707,126.741768
977,ECT6a,Ectorhinal area/Layer 6a,228142.341413,138188.069452,5866.391611,54271.823964,29816.056387,89954.271961,0.454453,119094.791129,54123.0,3355.037556,True,167204.23903,0.454453,0.454453,103680,14112.441406,1867.945312,8042.743164,1159.835693
978,PGRNl,"Paragigantocellular reticular nucleus, lateral part",92239.130922,36893.358719,10556.523687,43749.938403,1039.310113,55345.772203,0.697578,124703.833949,86990.666667,7380.827483,True,14544.285698,0.697578,0.697578,64344,7139.629883,3082.805664,4019.680176,37.143097
980,PMd,Dorsal premammillary nucleus,196391.437309,123058.103976,6018.348624,64868.501529,2446.48318,73333.333333,0.08175,172640.163099,14113.333333,1332.558567,True,141950.49735,0.08175,0.08175,16055,0.0,0.0,0.0,0.0
981,SSp-bfd1,"Primary somatosensory area, barrel field, layer 1",92998.625357,46771.945195,4230.637925,2761.129322,39234.912914,46226.680161,1.034359,110678.811865,114481.666667,8128.760074,True,19155.575916,1.034359,1.034359,96194,19155.576172,100.81768,600.807678,899.839417
982,FC,Fasciola cinerea,197827.18232,127589.834254,17905.856354,25020.110497,27311.381216,70237.348066,0.070703,143143.130755,10120.666667,1049.682968,True,149426.529297,0.070703,0.070703,13987,45778.265625,1283.020752,2510.211426,1124.281982
983,lfbs,lateral forebrain bundle system,100321.866413,0.0,10472.098966,79141.860639,10707.906808,100321.866413,14.613594,,,,,,,14.613594,1466063,,,,
984,CENT3,Lobule III,972027.152687,859420.122745,23835.596057,35547.331226,53224.10266,112607.029942,2.6885,,,,,911736.619628,2.6885,2.6885,2613295,88891.3125,36995.996094,1671.448975,172.415466
985,MOp,Primary motor area,139973.711601,65189.475782,12345.80317,37286.693355,25151.739294,74784.235819,11.994359,,,,,43366.370306,11.994359,11.994359,1678895,14631.194336,3695.997314,3150.352539,2141.860596
986,ccs,"corpus callosum, splenium",110997.275204,0.0,6568.574024,86198.001816,18230.699364,110997.275204,0.137625,,,,,,,0.137625,15276,,,,
987,P-mot,"Pons, motor related",108444.774397,48399.769256,9929.301999,43635.123273,6480.57987,60045.005142,6.229844,,,,,30200.753673,6.229844,6.229844,675594,13302.107422,2948.409668,3581.908691,146.168579
988,ECT5,Ectorhinal area/Layer 5,206459.308941,126891.430625,6073.657105,36820.408408,36673.812803,79567.878316,1.043688,92872.307723,96929.666667,8680.006586,True,138340.783906,1.043688,1.043687,215479,16823.285156,2979.283447,7954.211914,1846.199219
989,FN,Fastigial nucleus,287149.445059,160905.598558,14819.838637,79378.138182,32045.869681,126243.8465,0.381516,132256.706393,50458.0,7309.486918,True,83892.707714,0.381516,0.381516,109552,12360.636719,5173.077148,524.64093,8.620247
990,AUDv4,"Ventral auditory area, layer 4",205105.883608,130567.237425,3417.293434,40440.817197,30680.535552,74538.646183,0.292922,98537.081489,28863.666667,2541.731759,True,147302.070875,0.292922,0.292922,60080,17603.490234,7344.174805,5944.329102,3231.38501
991,mfbs,medial forebrain bundle system,112307.062174,0.0,12563.053982,78772.647275,20971.360917,112307.062174,7.81275,,,,,,,7.81275,877427,,,,
993,MOs,Secondary motor area,143569.821165,65792.20051,8852.555741,31674.562056,37250.502859,77777.620656,10.253875,,,,,45374.046938,10.253875,10.253875,1472147,15924.490234,3542.94043,2953.882324,2233.298584
996,AId1,"Agranular insular area, dorsal part, layer 1",60365.549469,34914.492619,11867.916938,9110.884164,4472.255748,25451.05685,0.504891,59478.888786,30030.333333,2843.031012,True,10257.368145,0.504891,0.504891,30478,10257.368164,518.648865,1047.987915,1927.760376
997,root,root,232120.152427,149954.466494,12782.383276,43770.289886,25613.012771,82165.685933,478.545266,,,,,,,478.545266,111080000,,,,
998,FS,Fundus of striatum,97139.091168,48091.778203,9383.507587,39640.372645,23.432733,49047.312965,0.384078,99506.665039,38218.333333,2888.647146,True,18096.015988,0.384078,0.384078,37309,18096.015625,388.224579,13393.445312,170.78331
999,ENTl2/3,"Entorhinal area, lateral part, layer 2/3",198390.576109,138808.025032,5395.177618,24131.050985,30056.322474,59582.551077,0.169781,75748.450825,12860.666667,409.517195,True,155839.455686,0.169781,0.169781,33683,15873.404297,1820.398315,4130.903809,1896.497314
1000,eps,extrapyramidal fiber systems,76353.059178,0.0,9618.187897,63606.820461,3128.050819,76353.059178,0.74775,,,,,,,0.74775,57093,,,,
1002,AUDp,Primary auditory area,189335.247403,111015.555645,3467.008137,43839.24111,31013.442512,78319.691758,2.721078,,,,,117885.198328,2.721078,2.721078,515196,17457.160156,4762.37207,4590.663574,2058.66333
1004,PMv,Ventral premammillary nucleus,247798.367057,165668.441605,13290.734824,65351.792687,3487.397941,82129.925453,0.088031,194283.280085,17103.0,367.938854,True,218219.744604,0.088031,0.088031,21814,59673.183594,201.034744,14637.436523,11.389559
1005,AUDp6b,"Primary auditory area, layer 6b",184637.612878,89906.556733,2914.801728,78548.881036,13267.37338,94731.056145,0.119391,165336.823278,19739.666667,274.055347,True,87805.268272,0.119391,0.119391,22044,8594.146484,2976.06665,5054.755371,563.32605
1006,SSp-tr1,"Primary somatosensory area, trunk, layer 1",117321.720196,68434.282949,10213.75431,6023.347245,32650.335692,48887.437247,0.516656,152879.856449,78986.333333,3717.592276,True,46276.657327,0.516656,0.516656,60615,46276.652344,148.021042,314.62674,1117.399048
1007,SIM,Simple lobule,927659.704563,801264.361673,27182.626635,53875.360245,45337.35601,126395.34289,5.437922,,,,,850607.415652,5.437922,5.437922,5044541,91838.296875,36468.292969,717.346375,148.029419
1008,GENd,"Geniculate group, dorsal thalamus",153001.299845,75352.761122,13711.602164,50482.95526,13453.981299,77648.538723,1.490563,,,,,62465.772265,1.490563,1.490562,228058,4567.141113,101.703545,383.260895,3.736034
1009,fiber tracts,fiber tracts,137339.224993,0.0,19040.782015,85734.517379,32563.9256,137339.224993,49.589875,,1716.333333,177.71419,False,,,49.589875,6810635,,,,
1010,VISC4,"Visceral area, layer 4",148884.268408,85225.191168,4206.546954,32096.228198,27356.302088,63659.07724,0.181859,121320.846579,22063.333333,748.022281,True,64773.578006,0.181859,0.181859,27076,20480.892578,6837.985352,7265.250977,2896.9729
1011,AUDd,Dorsal auditory area,183592.729408,99416.689092,5457.151944,41612.447097,37106.441275,84176.040316,2.554813,,,,,99698.474301,2.554813,2.554812,469045,17263.285156,4518.408691,4618.90918,2172.437988
1014,GENv,"Geniculate group, ventral thalamus",164225.894525,75849.058773,14096.738037,58406.552666,15873.54505,88376.835752,0.543672,,,,,67405.228767,0.543672,0.543672,89285,52182.375,2768.354248,8224.796875,15.427044
1015,ACAd5,"Anterior cingulate area, dorsal part, layer 5",167121.798223,74355.811117,9005.053145,44587.558808,39173.375152,92765.987106,0.717375,133071.731428,95462.333333,477.419452,True,58781.390855,0.717375,0.717375,119889,17674.050781,6219.433594,6381.637207,1044.533569
1016,onl,olfactory nerve layer of main olfactory bulb,101169.511584,0.0,9908.799164,24999.733456,66260.978964,101169.511584,2.931031,,,,,,,2.931031,296531,,,,
1017,AN,Ansiform lobule,1042996.22665,909390.195958,25563.227268,55746.907837,52295.895591,133606.030696,9.387391,,,,,979594.843496,9.387391,9.387391,9791013,121181.546875,35520.046875,1063.716553,68.521652
1018,AUDv,Ventral auditory area,186076.061129,114350.392609,2897.125695,40186.136273,28642.406552,71725.66852,2.590844,,,,,121604.742137,2.590844,2.590844,482094,19330.701172,3701.171387,5086.098145,2169.491699
1020,PO,Posterior complex of the thalamus,128459.76883,62144.823827,9130.078687,34406.630421,22778.235894,66314.945003,1.117953,97627.826152,109143.333333,4996.735067,True,38128.049725,1.117953,1.117953,143612,0.0,0.0,0.0,0.0
1021,MOs6a,"Secondary motor area, layer 6a",157583.683145,60545.40965,7543.207072,56979.564423,32515.502,97038.273495,1.581953,114937.244638,181825.333333,6012.572688,True,37832.980272,1.581953,1.581953,249290,11843.890625,3366.941406,3841.329346,938.41333
1022,GPe,"Globus pallidus, external segment",104691.723755,48256.883646,10707.011929,39053.649677,6674.178503,56434.840109,1.772203,106299.327285,188384.0,2359.214064,True,19930.51142,1.772203,1.772203,185535,19930.511719,5021.038574,1029.977295,5.56396
1023,AUDv5,"Ventral auditory area, layer 5",192920.399136,113610.698488,3910.708775,52288.941467,23110.050406,79309.700648,0.759453,98131.577684,74526.333333,3682.684664,True,119778.818135,0.759453,0.759453,146514,17462.080078,6128.303711,8094.032227,1296.959961
1025,PRM,Paramedian lobule,1026479.46033,919257.408714,25663.38825,43920.2667,37638.396665,107222.051615,3.388641,,,,,988156.163157,3.388641,3.388641,3478370,170529.078125,35713.578125,843.229187,48.150425
1026,SSp-ul6b,"Primary somatosensory area, upper limb, layer 6b",138350.070669,57358.625307,6793.72164,66423.268616,7774.455107,80991.445362,0.210047,175744.898212,36914.666667,1485.439105,True,32502.106629,0.210047,0.210047,29060,3347.755615,2631.695068,0.0,716.060425
1027,AUDpo,Posterior auditory area,181795.898517,112271.054551,3595.039313,20345.951204,45583.853449,69524.843965,0.192766,,,,,114368.123066,0.192766,0.192766,35044,19935.769531,2855.231201,5478.139648,2988.30957
1029,POL,Posterior limiting nucleus of the thalamus,133862.59542,61055.498246,6701.052197,48538.064782,17567.980194,72807.097174,0.151469,127110.927722,19253.333333,391.523094,True,40621.876165,0.151469,0.151469,20276,14577.327148,898.526917,3923.533203,1.196656
1030,SSp-ll1,"Primary somatosensory area, lower limb, layer 1",89218.964893,48361.925443,10623.235614,7125.588129,23108.215708,40857.03945,0.345375,173606.466401,59959.333333,4695.863534,True,23469.416556,0.345375,0.345375,30814,23469.417969,187.754028,561.027344,1594.610229
1031,GPi,"Globus pallidus, internal segment",102849.315068,46249.619482,8054.794521,46575.342466,1969.5586,56599.695586,0.3285,106065.956367,34842.666667,301.320981,True,19660.078636,0.3285,0.3285,33786,19660.080078,1283.85083,3123.967285,3.183828
1033,COPY,Copula pyramidis,1157015.75207,1038911.56643,25393.073062,50625.544532,42085.568052,118104.185646,1.886656,,,,,1127444.49606,1.886656,1.886656,2182891,190267.921875,41355.582031,799.013062,21.947165
1034,TTd1,"Taenia tecta, dorsal part, layer 1",81903.297215,45790.982174,7541.108393,16195.735757,12375.470892,36112.315041,0.402328,95080.766891,38253.666667,996.241604,True,27799.817573,0.402328,0.402328,32952,27799.816406,215.582474,1521.697021,2236.763916
1035,SSs4,"Supplemental somatosensory area, layer 4",182147.033628,93274.935752,5573.835307,40130.208448,43168.054122,88872.097876,0.711359,133838.11804,95207.0,2913.26003,True,86635.700454,0.711359,0.711359,129572,18600.525391,8947.803711,5382.854492,2543.88916
1037,POST,Postsubiculum,172235.184683,104468.508973,16571.140653,25783.806829,25411.728228,67766.67571,0.806281,,,,,108690.051048,0.806281,0.806281,138870,27431.960938,2354.128906,4215.334473,2769.785645
1038,SSp-bfd6a,"Primary somatosensory area, barrel field, layer 6a",182664.902424,87722.059536,9322.60327,57887.507863,27732.731756,94942.842888,2.160984,132700.789812,286764.333333,9589.80721,True,82256.713904,2.160984,2.160984,394736,6805.618652,1174.046509,5044.411133,587.155151
1039,GR,Gracile nucleus,150054.968288,75027.484144,10959.830867,33781.536293,30286.116984,75027.484144,0.044344,121009.161381,5366.0,1678.750726,True,57305.025749,0.044344,0.044344,6654,14451.500977,4758.34668,2111.423096,0.0
1041,PFL,Paraflocculus,978476.287643,897630.947326,15353.193139,32353.748864,33138.398315,80845.340317,5.482703,,,,,958304.315499,5.482703,5.482703,5364695,111880.796875,25547.753906,745.001892,17.073593
1042,TTd2,"Taenia tecta, dorsal part, layer 2",184136.388961,116080.97166,10644.876128,44398.023994,13012.517179,68055.417301,0.420672,130731.344947,54995.0,1448.565152,True,129232.681998,0.420672,0.420672,77461,35447.554688,339.116913,5850.847656,1762.615723
1044,PP,Peripeduncular nucleus,166945.141729,79108.729375,13511.211395,68223.945847,6101.255112,87836.412354,0.110797,171740.704179,19028.333333,2824.812265,True,76448.259476,0.110797,0.110797,18497,32583.072266,194.437363,7458.816895,1.586297
1045,ECT6b,Ectorhinal area/Layer 6b,188659.805939,99575.418994,2672.155248,68243.457806,18168.77389,89084.386945,0.106281,150029.599138,15945.333333,1386.475508,True,104388.593129,0.106281,0.106281,20051,12459.518555,1867.940552,8042.731934,1159.833862
1046,VISam6a,"Anteromedial visual area, layer 6a",199491.413537,94541.210237,10604.927051,77418.416647,16926.859603,104950.203301,0.326641,179068.356852,58491.0,2238.434498,True,98470.610023,0.326641,0.326641,65162,13340.324219,3452.199219,5829.449219,795.380188
1047,SSp-bfd4,"Primary somatosensory area, barrel field, layer 4",214014.018585,101665.152172,10727.550857,45457.841503,56163.474052,112348.866412,1.368719,179143.207227,245196.666667,6655.491066,True,110972.243627,1.368719,1.368719,292925,11650.5625,6065.976562,3603.835449,1980.750488
1048,GRN,Gigantocellular reticular nucleus,89800.227963,35164.994765,6103.88311,44883.279781,3648.070308,54635.233198,3.029547,108608.871307,329035.666667,885.691444,True,12437.74637,3.029547,3.029547,272054,12437.746094,1132.147949,2882.210938,11.151595
1049,FL,Flocculus,893119.552996,783754.874905,29776.975231,45228.759951,34358.942909,109364.678092,1.375828,,,,,828875.624541,1.375828,1.375828,1228779,127536.601562,33932.6875,1296.085205,37.993179
1050,TTd3,"Taenia tecta, dorsal part, layer 3",142995.828593,77199.848313,10572.620402,46786.49981,8436.860068,65795.980281,0.329625,98753.63418,32551.666667,717.046953,True,64117.96974,0.329625,0.329625,47135,35443.785156,0.0,9117.230469,1087.767212
1052,PPN,Pedunculopontine nucleus,100152.245557,39677.932149,8079.095315,49469.208401,2926.009693,60474.313409,0.483594,89358.061389,43213.0,1185.569483,True,12135.273255,0.483594,0.483594,48433,12135.272461,482.146881,4440.758301,4.140685
1054,ILA6a,"Infralimbic area, layer 6a",175317.740652,90816.865553,7285.918854,72021.638823,5193.317422,84500.875099,0.392813,121766.321931,47831.333333,4394.218512,True,84010.11772,0.392813,0.392813,68867,15499.998047,3941.321289,7147.811523,914.529907
1056,ANcr1,Crus 1,1029177.36844,892215.214903,27175.078919,57632.63607,52154.438547,136962.153537,5.405062,,,,,959463.303874,5.405062,5.405062,5562768,108007.367188,32291.3125,1217.869507,85.84391
1057,GU,Gustatory areas,127614.286737,71259.838236,9198.024479,29035.688211,18120.73581,56354.448501,2.182969,,,,,47002.693038,2.182969,2.182969,278578,12685.381836,1898.577881,5595.943359,1954.630615
1058,VISC5,"Visceral area, layer 5",147694.403064,82368.730936,4510.463219,38878.059162,21937.149748,65325.672129,0.440531,127024.662458,55958.333333,723.758477,True,62885.697987,0.440531,0.440531,65064,16973.603516,4174.398926,9446.916992,1245.872192
1059,TTd4,"Taenia tecta, dorsal part, layer 4",169195.512341,86976.813762,17605.983545,60189.678384,4423.036649,82218.698579,0.104453,176063.026677,18390.333333,596.273707,True,90290.541749,0.104453,0.104453,17673,43497.703125,938.727051,12103.324219,644.737549
1060,dtd,doral tegmental decussation,75980.295567,0.0,5021.815623,70958.479944,0.0,75980.295567,0.044406,,,,,,,0.044406,3374,,,,
1061,PPT,Posterior pretectal nucleus,177213.16166,85104.434907,3738.674297,47961.850262,40408.202194,92108.726753,0.065531,168031.791448,11011.333333,696.033285,True,78645.246803,0.065531,0.065531,11613,49824.734375,2190.850342,7478.650879,5.364666
1062,SSp-bfd6b,"Primary somatosensory area, barrel field, layer 6b",153640.143139,66267.058019,6909.251739,69509.388444,10954.444936,87373.085119,0.388609,140376.609974,54551.666667,2505.142777,True,48131.55655,0.388609,0.388609,59706,6805.593262,3018.544922,3199.872559,587.173828
1064,ANcr2,Crus 2,1061752.03732,932701.14451,23375.522327,53187.480627,52487.889857,129050.892812,3.982328,,,,,1006918.61654,3.982328,3.982328,4228245,139062.34375,39902.261719,854.491455,45.010811
1065,HB,Hindbrain,108334.328739,45562.560515,9917.549036,43594.53547,9259.683717,62771.768223,42.183406,,,,,24922.900862,42.183406,42.183406,4569911,15581.427734,3729.700928,5947.930664,88.66465
1066,VISam2/3,"Anteromedial visual area, layer 2/3",196747.855022,107480.246632,14694.548658,33671.353538,40901.706195,89267.608391,0.478953,107081.460216,51287.0,10368.556891,True,115130.152964,0.478953,0.478953,94233,15512.401367,2984.819336,3830.085693,6572.72168
1067,TTv1,"Taenia tecta, ventral part, layer 1",75860.229394,41982.395305,9534.275807,22790.077354,1553.480928,33877.834089,0.234313,58081.977416,13609.333333,2237.628507,True,29832.356161,0.234313,0.234313,17775,29832.355469,0.0,1229.200073,266.92865
1069,PPY,Parapyramidal nucleus,85453.152923,33053.867756,16224.661731,35668.113352,506.510084,52399.285167,0.061203,,11167.666667,1059.636887,False,14236.01802,0.061203,0.061203,5230,0.0,0.0,0.0,0.0
1070,SSp-bfd5,"Primary somatosensory area, barrel field, layer 5",172042.144351,76972.626519,10087.785895,44521.933757,40459.79818,95069.517833,2.457328,109201.398029,268343.666667,1995.276756,True,64202.413745,2.457328,2.457328,422764,16284.246094,6428.586914,8360.172852,1495.477783
1072,MGd,"Medial geniculate complex, dorsal part",152897.93475,81561.209219,14941.634241,43230.170608,13164.920682,71336.725531,0.208813,149630.250424,31244.666667,1742.090794,True,71452.541159,0.208813,0.208813,31927,2031.623779,53.794346,219.521088,1.614328
1073,HEM,Hemispheric regions,1004864.70904,889081.456023,24029.178415,48230.172396,43523.902202,115783.253013,26.959141,,,,,952978.111028,26.959141,26.959141,27090289,124733.117188,34034.9375,894.652832,66.718178
1074,VISal1,"Anterolateral visual area, layer 1",97233.568342,50339.777121,5945.872186,4712.303844,36235.615192,46893.791221,0.274813,150350.996892,41318.333333,661.165889,True,22899.993285,0.274813,0.274812,26721,22899.994141,92.739029,269.458527,1030.168823
1075,TTv2,"Taenia tecta, ventral part, layer 2",174497.559108,104487.795539,13851.249162,55846.080214,312.434192,70009.763568,0.163234,102500.877445,16731.666667,1428.00747,True,115688.629021,0.163234,0.163234,28484,43870.855469,176.689621,0.0,2166.259521
1077,PR,Perireunensis nucleus,141682.137834,79347.398031,3150.492264,41406.469761,17777.777778,62334.739803,0.022219,83818.096578,1862.333333,198.890254,True,64274.324775,0.022219,0.022219,3148,0.0,0.0,0.0,0.0
1079,MGv,"Medial geniculate complex, ventral part",157754.366997,85491.907964,18564.043653,44540.730479,9157.684901,72262.459033,0.462453,127623.74565,59020.0,2066.565266,True,76292.274974,0.462453,0.462453,72954,4908.868164,43.291073,169.63623,5.925057
1080,HIP,Hippocampal region,183898.259701,125376.773844,13759.166471,22211.426336,22550.893051,58521.485858,20.809109,,,,,153701.770713,20.809109,20.809109,3826759,5521.046875,1008.939697,1811.614624,597.664917
1081,ILA6b,"Infralimbic area, layer 6b",185609.619927,91664.161477,4425.166416,88407.129053,1113.16298,93945.45845,0.072766,137816.906449,10028.333333,839.20518,True,91660.5883,0.072766,0.072766,13506,15499.953125,3941.320068,7147.793457,914.525757
1082,TTv3,"Taenia tecta, ventral part, layer 3",109020.255654,57052.507375,11377.777778,40589.970501,0.0,51967.748279,0.079453,89809.767289,7135.666667,521.864286,True,32810.637997,0.079453,0.079453,8662,32810.636719,912.878479,6296.266602,1544.619873
1083,mfbse,epithalamus related,140947.919877,0.0,21679.418886,74844.640106,44423.860885,140947.919877,0.709844,,,,,,,0.709844,100051,,,,
1084,PRE,Presubiculum,170300.829771,102713.804375,18261.000754,27506.160422,21819.864219,67587.025396,1.242813,,,,,107032.38676,1.242813,1.242813,211652,27163.949219,3663.762207,5582.98291,2140.885986
1085,MOs6b,"Secondary motor area, layer 6b",153798.386064,55097.220443,5099.013706,69935.186371,23666.965544,98701.165621,0.121984,160610.733957,19592.0,1665.202991,True,33809.560703,0.121984,0.121984,18761,6650.928711,1993.555054,3718.95166,938.421387
1086,SSp-tr4,"Primary somatosensory area, trunk, layer 4",223463.203972,116513.881136,15851.934546,47232.409883,43864.978407,106949.322836,0.531859,174200.808876,92650.333333,6316.85122,True,136428.970707,0.531859,0.531859,118851,18811.169922,9462.954102,4458.163086,2390.461914
1088,MGm,"Medial geniculate complex, medial part",145760.0,70805.333333,8890.666667,52640.0,13424.0,74954.666667,0.1875,119669.333333,22438.0,1782.175076,True,54394.966159,0.1875,0.1875,27330,3725.54541,205.051605,394.594238,4.984903
1089,HPF,Hippocampal formation,167054.884174,108330.476722,12818.905179,24832.61052,21072.891753,58724.407453,41.046953,,,,,119463.417229,41.046953,41.046953,6857094,11823.928711,1495.607666,4005.531006,1066.013428
1090,SSs5,"Supplemental somatosensory area, layer 5",162068.143727,77135.498102,6149.414474,44765.605908,34017.625242,84932.645625,1.445016,117395.501058,169638.333333,697.155889,True,63819.198915,1.445016,1.445016,234191,18312.496094,8365.356445,8337.819336,1161.698608
1091,"CUL4, 5",Lobules IV-V,940169.073573,817178.617755,24710.848144,46218.419316,52061.188358,122990.455818,6.866094,,,,,867662.207417,6.866094,6.866094,6455289,73627.90625,36231.652344,1080.27002,158.657974
1092,em,external medullary lamina of the thalamus,111828.533155,0.0,13870.953338,85108.283099,12849.296718,111828.533155,0.279937,,,,,,,0.279937,31305,,,,
1093,PRNc,"Pontine reticular nucleus, caudal part",80571.480533,31573.169973,6579.645361,39585.077413,2833.587786,48998.31056,3.264766,58190.496702,189978.333333,11401.961688,True,7974.68843,3.264766,3.264766,263047,7974.6875,475.781128,2274.889648,104.18531
1094,SSp-ll4,"Primary somatosensory area, lower limb, layer 4",172279.798084,81333.470691,13918.203358,43234.779025,33793.345009,90946.327393,0.303344,192020.878404,58248.333333,3308.331654,True,68427.597713,0.303344,0.303344,52260,17221.052734,9656.609375,4594.873047,2969.522705
1096,AMd,"Anteromedial nucleus, dorsal part",147325.006287,78107.469193,9638.360298,43897.057591,15682.119205,69217.537095,0.372781,100604.129991,37503.333333,761.567025,True,64042.278666,0.372781,0.372781,54920,187.082657,184.859818,0.0,2.222855
1097,HY,Hypothalamus,148674.130608,83200.711189,10837.131683,49323.393212,5312.894524,65473.419419,15.888891,,207864.0,1854.116501,False,76337.09146,15.888891,15.888891,2362267,31568.146484,941.579773,9159.570312,129.949829
1098,MDRNd,"Medullary reticular nucleus, dorsal part",114794.627565,49606.201737,3669.120519,35110.483459,26408.82185,65188.425829,0.520016,130273.008624,67744.0,15671.637056,True,21756.302795,0.520016,0.520016,59695,20713.050781,5155.56543,15506.050781,51.435947
1099,fxs,fornix system,110410.855898,0.0,10891.553066,78255.088702,21264.21413,110410.855898,5.020312,,,,,,,5.020312,554297,,,,
1100,PRT,Pretectal region,159879.807153,76378.06929,9776.880816,44411.555855,29313.301192,83501.737863,1.672313,,,,,64164.519013,1.672313,1.672313,267369,40613.304688,4092.008545,4218.007812,4.825206
1101,AId5,"Agranular insular area, dorsal part, layer 5",145724.301002,79641.566926,15934.865807,38113.253541,12034.614728,66082.734076,0.640984,110401.5471,70765.666667,2590.177664,True,58277.791392,0.640984,0.640984,93407,13319.944336,3759.603027,6968.269043,725.400879
1102,SSp-m6a,"Primary somatosensory area, mouth, layer 6a",148805.085878,67162.64658,8525.469455,58384.165398,14732.804445,81642.439298,0.584953,138351.256778,80929.0,5874.304725,True,43404.179302,0.584953,0.584953,87044,10054.371094,3095.987793,4939.047852,848.572632
1104,AMv,"Anteromedial nucleus, ventral part",146405.164464,81195.204427,12099.600369,48772.210267,4338.149401,65209.960037,0.101656,103043.344605,10475.0,171.403034,True,68600.57893,0.101656,0.101656,14883,2957.58252,472.93103,2481.455322,3.196083
1105,IA,Intercalated amygdalar nucleus,179599.691596,107230.840401,11087.740941,60091.904395,1189.20586,72368.851195,0.202656,163931.123105,33221.666667,1657.983816,True,117239.343283,0.202656,0.202656,36397,42171.292969,181.494019,11584.896484,375.287842
1106,VISC2/3,"Visceral area, layer 2/3",151149.519249,95321.110203,2850.091479,19646.69703,33331.620538,55828.409047,0.401391,142525.335098,57208.333333,1494.809798,True,77778.621942,0.401391,0.401391,60670,20219.095703,2625.121094,4068.630859,5600.490723
1107,MDRNv,"Medullary reticular nucleus, ventral part",89877.680036,40302.728493,7403.846727,39437.24467,2733.860146,49574.951543,1.047969,127587.137816,133707.333333,6843.642987,True,14675.654867,1.047969,1.047969,94189,9585.470703,1183.107544,5539.208496,47.989868
1108,ccg,genu of corpus callosum,96237.812128,0.0,5374.554102,83273.880301,7589.377725,96237.812128,0.63075,,,,,,,0.63075,60702,,,,
1109,PS,Parastrial nucleus,121092.282785,70320.561252,8600.107933,42171.6136,0.0,50771.721533,0.028953,95027.163159,2751.333333,23.180452,True,43469.480334,0.028953,0.028953,3506,27840.880859,191.684128,3179.0,20.506176
1110,SUMl,"Supramammillary nucleus, lateral part",146340.033667,79304.485593,6698.484999,55736.211506,4600.851569,67035.548074,0.157797,109799.386078,17326.0,754.053049,True,70263.345131,0.157797,0.157797,23092,4721.858398,1108.680542,1759.856812,18.112288
1111,SSp-tr5,"Primary somatosensory area, trunk, layer 5",199685.726929,95785.240179,14860.907616,52045.823295,36993.755839,103900.48675,1.271187,129193.634561,164229.333333,10856.054962,True,98591.220088,1.271187,1.271187,253838,22122.693359,9523.538086,8591.522461,1219.261963
1113,IAD,Interanterodorsal nucleus of the thalamus,167103.515246,82035.346669,6885.997281,47965.818606,30216.35269,85068.168576,0.080453,119179.128633,9588.333333,235.43435,True,78734.080807,0.080453,0.080453,13444,0.0,0.0,0.0,0.0
1114,VISal4,"Anterolateral visual area, layer 4",203414.961331,102809.116419,11590.171788,39663.267401,49352.405722,100605.844911,0.228297,143424.360642,32743.333333,614.508204,True,108982.365045,0.228297,0.228297,46439,19186.207031,7247.476074,5348.918945,3142.375977
1116,gVIIn,genu of the facial nerve,64000.0,0.0,6780.711017,50393.523407,6825.765575,64000.0,0.088781,,,,,,,0.088781,5682,,,,
1117,P-sat,"Pons, behavioral state related",98835.831459,41139.465062,8032.481345,44774.696819,4889.188233,57696.366397,4.106203,,,,,17635.720562,4.106203,4.106203,405840,13342.501953,453.651398,3906.118164,86.68425
1118,SUMm,"Supramammillary nucleus, medial part",167109.433962,100347.169811,13796.226415,28483.018868,24483.018868,66762.264151,0.06625,129142.138365,8555.666667,568.567791,True,101851.491897,0.06625,0.06625,11071,0.0,0.0,0.0,0.0
1120,IAM,Interanteromedial nucleus of the thalamus,141966.572059,80247.240618,8759.381898,17982.970672,34976.978871,61719.331441,0.049547,83119.941133,4118.333333,183.178419,True,65731.633374,0.049547,0.049547,7034,0.0,0.0,0.0,0.0
1121,ENTl1,"Entorhinal area, lateral part, layer 1",74983.952465,49894.280401,8214.59609,8544.364313,8330.711661,25089.672064,1.722422,62877.549478,108301.666667,17370.666721,True,25844.677704,1.722422,1.722422,129154,6806.711426,63.129185,774.468079,369.73175
1123,icp,inferior cerebellar peduncle,71867.132651,0.0,12141.650945,52403.674265,7321.807441,71867.132651,1.010406,,,,,,,1.010406,72615,,,,
1125,ORBvl5,"Orbital area, ventrolateral part, layer 5",152333.599909,76598.194905,10163.372558,44082.714498,21489.317948,75735.405004,0.273531,107907.231806,29516.0,2308.507527,True,55261.673259,0.273531,0.273531,41668,19355.480469,6468.255371,6864.450684,932.322083
1126,TMd,"Tuberomammillary nucleus, dorsal part",215374.562427,148835.472579,1493.582264,38609.101517,26436.406068,66539.089848,0.013391,153963.438351,2061.666667,115.214293,True,171804.694696,0.013391,0.013391,2884,0.0,0.0,0.0,0.0
1127,TEa2/3,"Temporal association areas, layer 2/3",180318.347232,119341.895266,3725.387164,11121.852511,46129.212291,60976.451966,0.957484,127641.421477,122214.666667,6723.016163,True,117884.961704,0.957484,0.957484,172652,16002.05957,1310.679565,4132.354492,6110.566895
1128,SSp-ll5,"Primary somatosensory area, lower limb, layer 5",170250.166539,77009.889828,13872.405842,49566.794773,29801.076095,93240.27671,0.914766,143944.703504,131675.666667,7873.502799,True,63436.301257,0.914766,0.914766,155739,17390.636719,8176.194336,6807.411621,1411.30481
1129,IB,Interbrain,150639.614834,80645.700624,10446.829547,46269.584824,13277.499839,69993.914209,35.841687,,,,,71868.385214,35.841687,35.841687,5399178,21193.080078,1511.395508,6412.352051,59.695969
1132,P-sen,"Pons, sensory related",107880.802552,42642.991959,11084.336944,45937.004763,8216.468887,65237.810594,3.717047,,,,,18218.252964,3.717047,3.717047,400998,11570.540039,3572.033691,5214.556152,103.435158
1133,ENTmv5/6,"Entorhinal area, medial part, ventral zone, layer 5/6",205128.205128,136205.128205,11487.179487,17504.273504,39931.623932,68923.076923,0.001828,86245.014245,157.666667,61.857363,True,168839.64887,0.001828,0.001828,375,9101.125,153.060684,6998.748047,1949.316284
1139,NLOT3,"Nucleus of the lateral olfactory tract, layer 3",165984.667499,95412.372972,14000.35657,56571.937957,0.0,70572.294527,0.087641,139870.446307,12258.333333,1059.013849,True,95439.634779,0.087641,0.087641,14547,33868.523438,424.955597,11613.419922,1509.702026
1140,TR1,"Postpiriform transition area, layers 1",69198.138938,45486.924434,7762.554147,10134.445692,5814.214664,23711.214503,0.389562,60954.70346,23745.666667,2882.906924,True,28550.000455,0.389562,0.389563,26957,7369.539062,77.013962,1892.46814,864.438538
1141,TR2,"Postpiriform transition area, layers 2",180834.008602,131442.747616,13172.598641,24290.718693,11927.943651,49391.260986,0.250672,82648.548692,20717.666667,1306.99745,True,150400.755726,0.250672,0.250672,45330,21711.917969,499.995667,5121.221191,3513.361328
1142,TR3,"Postpiriform transition area, layers 3",196139.021398,139440.098133,10153.46872,31308.709282,15236.745264,56698.923266,0.458562,83659.261278,38363.0,3364.837143,True,159573.847593,0.458562,0.458563,89942,20908.046875,866.078796,6262.064941,2564.48291
10672,SIMgr,"Simple lobule, granular layer",1838313.60996,1640880.86126,36230.953495,97341.006085,63860.789119,197432.748699,2.269938,575002.17517,1305219.0,340965.597595,True,1856497.163891,2.269938,2.269937,4172857,38769.933594,27107.261719,573.82135,278.419891
10674,SIMmo,"Simple lobule, molecular layer",275154.134875,199658.813027,20699.281385,22731.172719,32064.867744,75495.321848,3.167984,121720.718188,385609.333333,72115.205757,True,129863.058953,3.167984,3.167984,871684,129863.078125,43175.703125,820.185608,54.601471
10675,ANcr1gr,"Crus 1, granular layer",1940894.64331,1736759.63573,35640.543936,96475.143372,72019.320275,204135.007584,2.400328,608100.888984,1459641.666667,373461.522819,True,1971211.952636,2.400328,2.400328,4658784,53902.203125,27873.96875,1324.362427,104.971001
10677,ANcr1mo,"Crus 1, molecular layer",300853.216018,217552.009069,20412.453264,26603.349922,36285.403764,83301.206949,3.004734,155338.633996,466751.333333,99337.511169,True,151229.219272,3.004734,3.004734,903984,151229.21875,35820.113281,1132.797852,70.564247
10678,ANcr2gr,"Crus 2, granular layer",1912979.66642,1727050.05387,29346.274189,85527.699004,71055.639357,185929.61255,1.812734,762847.011162,1382839.0,388343.429392,True,1956379.901116,1.812734,1.812734,3467724,49819.03125,34547.601562,904.68219,62.77486
10680,ANcr2mo,"Crus 2, molecular layer",350536.131476,269008.426117,18386.852377,26166.649862,36974.20312,81527.70536,2.169594,203929.575909,442444.333333,114776.833901,True,213626.734922,2.169594,2.169594,760521,213626.75,44376.183594,812.555908,30.168634
10681,PRMgr,"Paramedian lobule, granular layer",1917178.07227,1761803.40576,31919.544142,71560.039964,51895.082399,155374.666506,1.423141,665460.824248,947044.333333,106988.56283,True,1988202.55056,1.423141,1.423141,2728414,41350.363281,27080.96875,1028.045532,85.962059
10683,PRMmo,"Paramedian lobule, molecular layer",381559.90842,309203.256169,21133.553803,23907.402697,27315.695752,72356.652251,1.9655,203767.150004,400504.333333,74017.473723,True,264062.222278,1.9655,1.9655,749956,264062.25,41964.109375,709.410889,20.772516
10684,COPYgr,"Copula pyramidis, granular layer",1960480.22768,1807724.82125,29116.666374,71906.259333,51732.48072,152755.406426,0.889422,656533.961082,583935.666667,166575.320934,True,2045224.339333,0.889422,0.889422,1743694,57270.070312,39658.722656,1005.06781,35.023026
10686,COPYmo,"Copula pyramidis, molecular layer",440415.022797,353215.86262,22072.042994,31645.51964,33481.597543,87199.160177,0.997234,247950.404504,247264.666667,83648.631132,True,308887.204511,0.997234,0.997234,439197,308887.21875,42868.992188,615.235291,10.284957
10687,PFLgr,"Paraflocculus, granular layer",1837023.39073,1720137.96525,17615.175669,48715.627962,50554.621849,116885.42548,2.456234,605249.244588,1486634.0,183954.018831,True,1926005.204533,2.456234,2.456234,4512160,36654.21875,25375.316406,941.809143,23.556398
10689,PFLmo,"Paraflocculus, molecular layer",281692.979648,230097.20487,13517.40374,19074.705463,19003.665576,51595.774779,3.026469,182845.106198,553375.0,75394.012952,True,172933.513848,3.026469,3.026469,852535,172933.5,25687.699219,585.276184,11.812256
10690,FLgr,"Flocculus, granular layer",1542756.80421,1399537.21588,35799.043996,61960.003902,45460.540435,143219.588333,0.640687,498033.752805,319084.0,31587.295674,True,1553606.825658,0.640687,0.640688,988425,47534.125,30083.65625,757.297241,24.668736
10692,FLmo,"Flocculus, molecular layer",326949.690748,247090.140067,24528.640354,30647.197603,24683.712725,79859.550681,0.735141,150846.875952,110893.666667,10503.47168,True,197260.113678,0.735141,0.735141,240354,197260.109375,37287.179688,1765.647949,49.605667
10693,PAR1,"Parasubiculum, layer 1",91089.723483,63017.416426,18045.728436,2044.407759,7982.170863,28072.307057,0.189297,57669.555647,10916.666667,2168.15782,True,32476.429118,0.189297,0.189297,17243,27636.060547,2829.576172,0.0,256.374481
10694,PAR2,"Parasubiculum, layer 2",177072.33854,120456.408552,25363.908275,14541.265094,16710.756619,56615.929988,0.564187,109984.121709,62051.666667,7410.767459,True,126801.666432,0.564187,0.564187,99902,31729.880859,3953.949707,4719.391602,3160.588379
10695,PAR3,"Parasubiculum, layer 3",152132.929872,78320.751712,14154.27085,36557.838297,23100.069013,73812.17816,0.294328,119420.006724,35148.666667,3171.974989,True,69124.821609,0.294328,0.294328,44777,28294.855469,3271.195801,13665.530273,1690.185547
10696,POST1,"Postsubiculum, layer 1",124184.819433,72691.414979,16335.615945,18942.117783,16215.670727,51493.404455,0.216766,168633.749009,36554.0,4810.530428,True,56294.246874,0.216766,0.216766,26919,29297.550781,797.635498,2826.513184,1172.243042
10697,POST2,"Postsubiculum, layer 2",206515.529494,136329.573125,18968.145903,22167.668837,29050.141629,70185.956368,0.314422,316268.28339,99441.666667,4710.523785,True,162393.348072,0.314422,0.314422,64933,25254.789062,853.767639,1745.791626,3276.8125
10698,POST3,"Postsubiculum, layer 3",170916.278541,93091.900489,14017.039646,35307.963194,28499.375213,77824.378053,0.275094,295986.368284,81424.0,5591.486654,True,88595.511986,0.275094,0.275094,47018,28450.363281,5295.456543,8132.27832,3449.0896
10699,PRE1,"Presubiculum, layer 1",121559.431969,75855.928456,21353.250455,14453.540367,9896.712692,45703.503513,0.317984,91067.367697,28958.0,3423.631551,True,62451.722454,0.317984,0.317984,38654,19080.533203,1795.3302,2754.876709,430.077576
10700,PRE2,"Presubiculum, layer 2",204130.387224,133129.730912,20265.149858,24791.074163,25944.432291,71000.656312,0.571375,202957.777292,115965.0,9821.725256,True,156804.810081,0.571375,0.571375,116635,29385.818359,3761.495117,4241.975098,3221.029541
10701,PRE3,"Presubiculum, layer 3",159463.861014,77707.616816,12239.246718,43638.035454,25878.962026,81756.244198,0.353453,178635.663027,63139.333333,1787.491072,True,66679.755281,0.353453,0.353453,56363,30844.431641,5186.708496,10295.097656,1933.90918
10703,DG-mo,"Dentate gyrus, molecular layer",116656.361733,69516.950401,13837.918331,12339.86117,20961.63183,47139.411331,4.029219,102024.492962,411079.0,43510.060917,True,58377.520985,4.029219,4.029219,470034,2329.7771,97.331612,273.405304,100.466415
10704,DG-po,"Dentate gyrus, polymorph layer",261339.774148,171897.879192,22651.327359,32035.932965,34754.634632,89441.894955,0.737484,187858.895316,138543.0,14006.775468,True,227650.287401,0.737484,0.737484,192734,7865.178223,705.146912,6268.179688,891.852173
10705,LINGgr,"Lingula (I), granular layer",1469444.91363,1318105.18234,32700.191939,63582.341651,55057.197697,151339.731286,0.040703,410836.596289,16722.333333,2877.88713,True,1465413.018821,0.040703,0.040703,59811,90518.9375,25385.90625,937.554688,220.194153
10707,LINGmo,"Lingula (I), molecular layer",339857.182397,240340.990866,21044.00775,31318.018267,47154.165513,99516.191531,0.056453,174380.662423,9844.333333,1115.143638,True,173496.141614,0.056453,0.056453,19186,173496.15625,34961.5,672.28717,54.394695
10708,CENT2gr,"Lobule II, granular layer",1699435.22036,1584812.26257,26786.387907,29618.893287,58217.676593,114622.957788,0.588172,631907.127487,371670.0,53346.891072,True,1760790.463387,0.588172,0.588172,999560,43682.683594,24648.134766,1588.243652,207.625946
10710,CENT2mo,"Lobule II, molecular layer",277686.771587,187828.158231,18854.274777,33800.765632,37203.572948,89858.613356,0.734688,178883.765773,131423.666667,24486.239694,True,125763.873792,0.734688,0.734687,204013,125763.859375,46925.414062,756.749329,61.987995
10711,CENT3gr,"Lobule III, granular layer",1763318.89096,1614450.61675,29248.840115,51715.788041,67903.646059,148868.274215,1.262922,459338.521369,580108.666667,144439.811701,True,1804057.870558,1.262922,1.262922,2226934,52390.070312,27057.601562,963.521423,49.597584
10713,CENT3mo,"Lobule III, molecular layer",271020.572794,190537.43547,19039.994739,21223.670222,40219.472363,80483.137324,1.425578,129588.361447,184738.333333,42928.369412,True,121227.837567,1.425578,1.425578,386361,121227.84375,45800.4375,2298.603271,281.220032
10720,"CUL4, 5gr","Lobules IV-V, granular layer",1805317.47801,1625907.26289,32752.79739,76694.826376,69962.591354,179410.21512,3.027375,498771.48795,1509968.333333,435994.662023,True,1829163.031241,3.027375,3.027375,5465373,28291.337891,27391.34375,711.378723,188.617462
10722,"CUL4, 5mo","Lobules IV-V, molecular layer",257876.667834,179381.206294,18368.628856,22183.443369,37943.389314,78495.461539,3.838719,125922.918074,483382.666667,99378.076482,True,109382.232744,3.838719,3.838719,989916,109382.226562,43203.488281,1371.193115,135.030624
10723,DECgr,"Declive (VI), granular layer",1795532.33806,1622117.58842,30235.027291,70498.417367,72681.304987,173414.749645,1.253844,675224.48471,846626.0,267802.14903,True,1826377.008042,1.253844,1.253844,2251317,24896.771484,23110.271484,1562.42981,224.072174
10725,DECmo,"Declive (VI), molecular layer",394664.438753,315096.243693,17412.907978,18761.61685,43393.670232,79568.19506,1.421359,190698.194583,271050.666667,62334.183698,True,268299.248655,1.421359,1.421359,560960,268299.21875,40742.429688,904.21521,197.362091
10726,FOTUgr,"Folium-tuber vermis (VII), granular layer",2143110.68074,1984576.35325,25223.201317,52888.157258,80422.968916,158534.327491,0.161359,728950.518059,117623.0,45164.460054,True,2256159.874861,0.161359,0.161359,345811,39054.523438,37147.046875,1874.876709,32.079395
10728,FOTUmo,"Folium-tuber vermis (VII), molecular layer",979978.909354,871370.747562,19105.236548,30476.850849,59026.074395,108608.161791,0.216328,519316.046708,112342.666667,42201.556895,True,921555.528788,0.216328,0.216328,211997,921555.5625,50104.847656,1267.050903,15.613252
10729,PYRgr,"Pyramus (VIII), granular layer",1947855.07514,1781866.32249,25804.738637,65604.867705,74579.146308,165988.752651,0.338969,781040.533481,264748.333333,133899.837947,True,2013243.447724,0.338969,0.338969,660262,65257.378906,43171.25,1452.246826,85.797226
10731,PYRmo,"Pyramus (VIII), molecular layer",659056.102489,556913.63226,16667.899058,30226.731439,55247.839732,102142.470229,0.363453,319114.053566,115983.0,58219.517449,True,544655.130123,0.363453,0.363453,239536,544655.125,35379.792969,2018.315308,94.55043
10732,UVUgr,"Uvula (IX), granular layer",1702744.30865,1568950.87467,24964.294273,40763.639268,68065.500439,133793.43398,0.782438,646841.44101,506113.0,249707.827725,True,1747873.528739,0.782438,0.782438,1332291,62187.769531,39908.046875,2042.85437,66.483971
10734,UVUmo,"Uvula (IX), molecular layer",379611.094179,290353.945175,18071.965147,22911.809527,48273.37433,89257.149004,0.871516,229582.802947,200085.0,85624.432839,True,228602.473701,0.871516,0.871516,330837,228602.46875,47785.78125,970.647339,21.039286
10735,NODgr,"Nodulus (X), granular layer",1625403.60666,1504071.73458,25489.688154,33664.242304,62177.941616,121331.872073,0.627313,608306.598917,381598.333333,36873.572465,True,1664717.256111,0.627313,0.627312,1019636,63398.527344,23120.298828,1181.964478,194.451004
10737,NODmo,"Nodulus (X), molecular layer",283438.766029,190761.568482,17523.88032,26610.667162,48542.650065,92677.197547,0.672625,159816.638791,107496.666667,5003.023619,True,118461.221707,0.672625,0.672625,190648,118461.21875,38456.449219,885.604431,89.446701
